# Blender v3.2.1 OBJ File: 'jacket.blend'
# www.blender.org
mtllib jacket.mtl
o Lp_jacket_mesh.008
v -0.697017 35.321362 -17.800285
v 3.395000 32.769386 -14.243620
v -1.132822 33.181332 -15.661710
v 0.803381 35.166237 -15.850705
v 0.030051 31.853731 -13.813156
v -7.919930 27.479698 -16.701239
v 5.362340 32.829372 -15.900938
v 5.171621 32.134487 -17.939840
v 2.362466 35.639458 -18.226397
v 1.803477 34.761333 -18.625414
v 4.578268 31.506109 -14.294653
v 0.402439 33.269569 -14.685180
v -1.282124 32.383099 -18.095425
v -0.546057 35.213924 -18.093719
v -1.461521 34.824245 -17.896793
v -1.517210 35.059723 -17.571932
v -1.508910 35.159420 -17.207127
v -0.634494 35.443436 -17.408413
v 3.289452 33.219635 -14.576965
v 2.804686 33.227139 -14.440958
v 3.125811 32.663403 -14.075357
v 3.857632 32.442631 -14.164704
v 3.960376 33.043545 -14.627348
v 3.547787 32.015259 -13.746054
v -1.752145 33.002480 -15.887757
v -1.603011 32.584152 -16.049305
v -1.308498 32.579926 -15.964547
v -1.131525 34.139145 -15.855361
v -1.973803 33.583813 -15.941382
v -1.137904 32.201740 -15.611225
v -0.862974 32.545322 -15.175404
v 0.735030 34.506531 -15.433984
v 1.293207 34.598160 -15.339174
v 1.514513 35.416721 -15.597762
v 0.375530 35.070305 -16.109421
v 0.293159 34.570732 -15.481540
v 0.992684 36.024670 -16.166853
v 0.612129 35.609695 -16.475784
v 0.254234 35.381199 -16.637358
v 0.338339 31.798164 -13.619036
v 0.647406 32.341148 -13.842201
v 0.237788 32.544582 -14.179879
v -0.287528 32.148598 -14.188215
v -0.271557 30.979321 -13.941402
v 0.188511 30.806948 -13.564808
v -8.496731 26.667227 -16.406721
v -8.588337 26.786612 -16.217508
v -8.022734 27.598179 -16.436678
v -7.517143 28.217577 -16.663523
v -7.489140 28.084841 -17.039221
v -7.342608 27.789593 -17.278572
v -7.775606 27.285267 -16.764242
v -8.376664 26.532869 -16.525829
v 5.710472 33.522774 -15.853367
v 4.988458 33.937901 -15.735652
v 4.832707 33.277653 -15.443642
v 4.985679 32.289570 -15.525130
v 5.106375 32.062260 -16.034145
v 5.286901 32.401970 -16.260359
v 5.905330 32.566307 -16.030495
v 6.222644 32.984509 -15.978818
v 5.670565 32.322887 -16.310949
v 5.449800 32.007160 -17.944820
v 5.458881 32.032482 -17.607162
v 5.044348 31.980682 -17.598415
v 4.789790 31.974871 -18.073023
v 5.028819 32.415310 -18.270273
v 5.514910 32.066799 -18.256773
v 2.143188 36.411213 -17.871090
v 2.513624 36.404007 -17.785810
v 2.892893 35.755486 -18.118982
v 1.010102 35.306374 -18.413628
v 1.620305 35.915066 -18.079374
v 1.810279 36.429771 -17.848234
v 3.728848 34.934464 -18.524576
v 3.468131 34.383942 -18.774502
v 3.280952 33.686871 -18.910320
v 1.845999 33.846119 -18.848204
v 4.480307 30.437853 -14.220833
v 4.783676 30.473734 -14.685333
v 4.870541 31.430559 -14.949551
v 3.880085 31.202093 -13.555719
v 3.788169 30.378338 -13.688077
v 4.265048 32.075130 -14.168749
v 3.847482 31.467587 -13.557344
v 0.678503 33.051430 -14.456476
v 1.003285 33.707615 -14.887877
v 0.525893 33.779354 -14.995949
v 0.064656 33.839478 -15.025048
v 0.052119 33.138130 -14.634505
v -1.818728 32.042793 -18.017174
v -2.076048 32.234383 -18.221134
v -1.548755 32.740860 -18.360838
v -1.371911 32.221432 -17.643112
v -1.704721 31.982758 -17.664490
v -0.864236 31.919222 -18.055164
v -1.112145 31.933765 -17.624189
v -0.757535 33.261478 -18.658464
v -0.513282 32.645260 -18.642979
v 0.410876 33.669712 -18.900311
v 0.567583 32.914055 -18.919626
v 0.720666 32.114117 -18.844168
v -0.211311 31.993143 -18.556694
v 0.905382 31.308538 -18.565769
v 0.054737 31.230404 -18.346924
v -0.568007 31.259645 -17.975498
v 0.210383 30.429605 -18.102478
v -0.396757 30.503942 -17.807867
v -0.749309 30.633007 -17.442118
v -0.924882 31.383982 -17.577816
v -0.975431 30.827150 -16.972237
v -1.114676 31.507029 -17.127565
v -1.192226 31.925808 -17.193050
v -1.397584 32.163818 -17.226273
v -1.180565 31.678429 -16.619673
v -1.228394 32.026047 -16.736959
v -1.455150 32.204300 -16.791840
v -1.233541 32.244267 -16.288427
v -1.505377 32.331367 -16.373928
v -1.802064 32.107246 -16.369450
v -1.723920 31.981617 -16.776888
v -1.677339 31.944084 -17.233168
v -2.045678 31.478750 -16.722410
v -2.052797 31.461994 -17.176901
v -2.107760 31.428165 -17.572239
v -2.279520 31.422701 -17.876081
v -2.576160 30.596239 -17.035833
v -2.657083 30.571569 -17.405327
v -2.864586 30.661692 -17.672289
v -3.149340 30.861881 -17.787119
v -2.562968 31.576847 -18.008089
v -3.354426 29.763924 -17.231104
v -3.555796 29.889471 -17.501476
v -3.826576 30.104307 -17.671242
v -4.151790 30.385021 -17.736326
v -3.472813 31.110912 -17.866720
v -4.255471 29.139944 -17.342611
v -4.537976 29.380287 -17.485788
v -4.836842 29.656984 -17.531790
v -5.105409 29.895351 -17.694227
v -4.451369 30.665468 -17.706591
v -5.228815 28.668335 -17.305386
v -5.498963 28.889490 -17.541157
v -5.752112 29.106815 -17.672707
v -5.997616 29.318655 -17.651852
v -5.376955 30.131550 -17.709307
v -6.148026 28.084497 -17.490057
v -6.435605 28.308855 -17.542448
v -6.655483 28.520105 -17.508726
v -6.805892 28.747688 -17.242064
v -6.140491 29.486397 -17.388605
v -7.092884 27.566309 -17.291723
v -6.806127 27.317600 -17.281246
v -7.393476 26.843575 -16.749378
v -7.578160 27.043121 -16.768002
v -8.058072 26.242859 -16.527529
v -8.215444 26.385963 -16.567673
v -7.224775 26.665064 -16.681498
v -7.923401 26.118662 -16.435659
v -7.084703 26.543684 -16.515188
v -7.827744 26.027706 -16.302612
v -6.996389 26.514664 -16.277866
v -7.776853 26.007771 -16.100441
v -6.972866 26.529009 -15.995549
v -7.758268 26.018480 -15.894632
v -7.019981 26.630589 -15.734422
v -7.818330 26.094677 -15.712810
v -7.133863 26.789867 -15.506735
v -7.910659 26.208231 -15.529323
v -7.292526 26.979214 -15.388986
v -8.023664 26.342936 -15.386185
v -7.475608 27.176001 -15.363977
v -8.169542 26.492750 -15.330762
v -7.663767 27.383879 -15.369017
v -8.329263 26.650513 -15.350901
v -7.836974 27.548500 -15.442214
v -8.464473 26.777903 -15.427094
v -7.965766 27.663963 -15.633650
v -8.558688 26.845516 -15.588970
v -8.040294 27.713161 -15.881826
v -8.616570 26.872536 -15.786633
v -8.059586 27.696140 -16.161835
v -8.631510 26.854746 -16.006386
v -7.598083 28.470510 -15.947612
v -7.558929 28.372627 -16.300056
v -6.862638 29.104231 -16.089483
v -6.845097 28.999908 -16.472021
v -6.845216 28.892113 -16.874987
v -6.133029 29.631886 -16.624487
v -6.139609 29.560249 -17.026840
v -5.481741 30.327982 -16.745178
v -5.535489 30.316963 -17.137371
v -5.542353 30.282238 -17.502760
v -4.975224 31.121498 -17.213095
v -4.935439 31.085732 -17.538166
v -4.723167 30.909830 -17.716356
v -4.297053 31.856792 -17.598921
v -4.069077 31.646799 -17.753813
v -3.791769 31.384394 -17.852974
v -3.421407 32.360790 -17.856150
v -3.139824 32.079350 -17.933281
v -2.851112 31.820522 -17.976576
v -2.538859 32.797386 -18.057369
v -2.317865 32.500572 -18.177650
v -1.914986 33.527168 -18.144430
v -1.716607 33.127861 -18.321548
v -1.168271 34.196419 -18.370333
v -0.966584 33.773373 -18.553345
v -0.140587 34.757557 -18.567059
v 0.200461 34.330246 -18.769623
v -0.368555 35.027893 -18.355917
v 0.660340 35.486938 -18.239887
v -1.337841 34.534550 -18.152250
v -2.122670 33.874237 -17.925385
v -2.308542 34.156898 -17.661791
v -2.432424 34.328121 -17.354399
v -2.775271 33.093018 -17.880276
v -2.970794 33.316845 -17.624033
v -3.093887 33.443367 -17.341318
v -3.152607 33.515152 -17.015339
v -2.471737 34.404133 -17.025768
v -3.622915 32.564640 -17.640213
v -3.728970 32.672581 -17.340992
v -3.763546 32.734810 -16.998945
v -3.729376 32.746544 -16.645136
v -3.118532 33.517284 -16.687057
v -4.370998 31.927494 -17.287436
v -4.369627 31.950144 -16.942139
v -4.328250 31.955547 -16.574379
v -4.238852 31.945276 -16.229944
v -3.620394 32.697685 -16.330654
v -4.922935 31.120209 -16.854042
v -4.880241 31.143333 -16.464773
v -4.843345 31.195353 -16.090933
v -4.647596 31.107296 -15.822504
v -4.027518 31.841818 -15.956013
v -5.473119 30.387375 -16.346298
v -5.458258 30.458525 -15.970057
v -5.282744 30.369740 -15.694627
v -5.021240 30.176758 -15.547029
v -4.364067 30.905376 -15.699114
v -6.114535 29.765999 -15.857481
v -5.947831 29.648132 -15.575625
v -5.695401 29.450699 -15.406219
v -5.401788 29.191622 -15.402873
v -4.714684 29.910471 -15.562429
v -6.614820 28.952978 -15.503554
v -6.366190 28.731447 -15.340199
v -6.093226 28.483995 -15.216317
v -5.810697 28.199114 -15.283187
v -5.100325 28.901184 -15.493744
v -7.070451 28.072004 -15.173430
v -6.807205 27.801329 -15.075408
v -6.554326 27.520519 -15.154882
v -6.324713 27.235472 -15.359911
v -5.590691 27.920286 -15.517496
v -5.446582 27.698389 -15.861008
v -4.706841 28.401396 -16.066061
v -4.847365 28.616211 -15.715141
v -6.165618 27.013685 -15.701051
v -6.131676 26.907137 -16.097990
v -5.413197 27.597603 -16.268536
v -5.455002 27.583338 -16.661415
v -4.756493 28.283287 -16.844084
v -4.681811 28.295069 -16.463455
v -6.188904 26.899481 -16.493258
v -6.320319 26.950686 -16.871418
v -5.627859 27.698301 -17.003849
v -5.863736 27.878273 -17.287590
v -4.960673 28.428699 -17.131182
v -6.543107 27.097528 -17.149611
v -4.060082 29.024174 -17.052063
v -3.286160 29.786547 -16.873390
v -3.981262 29.035254 -16.681440
v -3.337433 29.910099 -16.480314
v -3.990588 29.130066 -16.275476
v -3.447496 30.076849 -16.080919
v -4.138932 29.337532 -15.912363
v -3.715735 30.347202 -15.828777
v -4.400834 29.616383 -15.672233
v -4.037734 30.638550 -15.702530
v -3.044378 31.091328 -15.956481
v -3.393327 31.370474 -15.877110
v -3.733637 31.630726 -15.844972
v -2.802602 32.079948 -15.951422
v -3.127027 32.352646 -15.920570
v -3.403354 32.553429 -16.085175
v -2.540478 33.001987 -16.038355
v -2.792629 33.251621 -16.163771
v -2.990746 33.427650 -16.387865
v -2.160847 33.957077 -16.132151
v -2.327255 34.219193 -16.393175
v -2.437530 34.375492 -16.703465
v -1.366765 34.961315 -16.446432
v -1.461092 35.131573 -16.810265
v -0.398713 35.303371 -16.600273
v -0.524893 35.405884 -17.013926
v 0.152005 35.631981 -17.049845
v 0.174061 35.692326 -17.441139
v 0.574030 35.885563 -16.968996
v 0.652924 36.039234 -17.372198
v 0.806843 36.085590 -17.650696
v 0.266912 35.680500 -17.734709
v 1.012139 36.067253 -17.866508
v 0.432951 35.598152 -18.030880
v 1.264932 36.009239 -17.995548
v 1.295790 36.500156 -17.662752
v 1.513481 36.468349 -17.780985
v 1.089944 36.512772 -17.490778
v 0.919454 36.489212 -17.240187
v 0.806885 36.349182 -16.764015
v -0.164543 34.981003 -16.214020
v -1.188946 34.646969 -16.103758
v -0.010117 34.446873 -15.700623
v -0.386666 33.651447 -15.210020
v -0.362002 32.936104 -14.788691
v -0.772241 31.797928 -14.545474
v -0.945789 31.526936 -15.094018
v -0.923929 30.663786 -14.762055
v -0.737321 30.740158 -14.311259
v -0.795799 29.648712 -14.723915
v -0.640546 29.670315 -14.332344
v -0.260993 29.738403 -14.037107
v -0.365371 28.658789 -14.367248
v -0.135929 28.623980 -14.114566
v 0.227795 28.573963 -13.745338
v 0.246265 29.767534 -13.645420
v -0.620749 28.682346 -14.772894
v -0.929735 29.570518 -15.270772
v -0.626953 28.705881 -15.223963
v -0.984186 29.418665 -15.891289
v -0.726103 28.629036 -15.700691
v -0.759351 29.323845 -16.413004
v -0.625173 28.561256 -16.104862
v -0.498321 29.151846 -16.910723
v -0.332232 28.447760 -16.482115
v -0.189218 28.949316 -17.339369
v 0.010173 28.309481 -16.829744
v 0.365497 28.875914 -17.652500
v 0.507300 28.228102 -17.118633
v 1.132504 28.885612 -17.831280
v 1.195289 28.237150 -17.236336
v 2.023821 28.870176 -17.924826
v 2.026307 28.257223 -17.263176
v 2.892153 29.012047 -17.795729
v 2.797121 28.216761 -17.233994
v 3.697428 28.913696 -17.586529
v 3.519406 28.206736 -17.078196
v 4.225800 29.008430 -17.170155
v 4.030873 28.321880 -16.732805
v 4.557908 29.225420 -16.593813
v 4.417966 28.462324 -16.333364
v 4.859585 29.337368 -16.135077
v 4.627877 28.511097 -15.960983
v 4.944942 29.414795 -15.740294
v 4.715371 28.510027 -15.643118
v 4.806019 29.485086 -15.289545
v 4.643571 28.520855 -15.290813
v 4.700147 29.478867 -14.778074
v 4.466958 28.527390 -14.913210
v 4.351640 29.465761 -14.324429
v 4.132185 28.525885 -14.565231
v 3.630362 29.447187 -13.865507
v 3.547330 28.484535 -14.015711
v 4.929963 30.435566 -15.337835
v 5.013155 31.338961 -15.649401
v 5.071157 30.333021 -15.930715
v 5.068736 31.190044 -16.246216
v 5.132841 31.836544 -16.517038
v 4.973408 30.182499 -16.415398
v 5.015206 30.997328 -16.738121
v 5.095346 31.667078 -16.988132
v 5.160347 32.047115 -17.098402
v 5.203751 32.169098 -16.659578
v 4.794431 30.764174 -17.236588
v 4.958534 31.502840 -17.461315
v 4.396724 30.536783 -17.705757
v 4.586264 31.309452 -17.949007
v 3.799053 30.420891 -18.051447
v 3.902524 31.215963 -18.329586
v 4.108567 31.983929 -18.574289
v 4.314735 32.657276 -18.706541
v 3.010346 31.287327 -18.565937
v 3.121475 32.112251 -18.852863
v 3.175920 32.911213 -18.953466
v 4.512649 33.313725 -18.718039
v 1.906992 32.181995 -18.860069
v 1.861851 33.000092 -18.918156
v 1.950791 31.354006 -18.600122
v 2.917018 30.394361 -18.253166
v 1.960890 30.354969 -18.316278
v 1.043063 30.406313 -18.285002
v 1.987920 29.436392 -18.168667
v 1.108877 29.477352 -18.154259
v 0.277825 29.584814 -17.972965
v -0.298374 29.703762 -17.638220
v -0.652770 29.863783 -17.230513
v -0.863305 30.078882 -16.706656
v -1.024813 30.300758 -16.134779
v -1.072165 31.059381 -16.396276
v -0.993657 30.522472 -15.448384
v -1.065286 31.288256 -15.754358
v -1.208487 31.923912 -16.099915
v 2.911414 29.518463 -18.144869
v 3.763992 29.592279 -17.857010
v 4.358111 29.725786 -17.510180
v 4.700495 29.977798 -16.946075
v 4.735451 33.883919 -18.595259
v 5.467386 33.293972 -18.329479
v 5.266347 32.858646 -18.466932
v 6.013366 32.656342 -18.253899
v 5.767517 32.338402 -18.349106
v 6.521455 32.003780 -18.192890
v 6.249002 31.736273 -18.240683
v 5.979003 31.533239 -18.162893
v 6.790694 31.050346 -18.116066
v 6.510958 30.853083 -18.007498
v 6.342907 30.796595 -17.732931
v 5.828158 31.519611 -17.885880
v 6.308538 30.865227 -17.431189
v 5.791232 31.599026 -17.569191
v 6.294560 30.971010 -17.058821
v 5.822968 31.700323 -17.161375
v 5.516372 32.079628 -17.169510
v 5.918445 31.797531 -16.695034
v 5.571144 32.157623 -16.713566
v 6.089636 31.940689 -16.301338
v 6.359541 31.102886 -16.619862
v 6.560609 31.254511 -16.231844
v 6.855626 31.474016 -15.992363
v 6.369422 32.133919 -16.052216
v 7.192517 31.722614 -15.913598
v 6.696767 32.399330 -16.001537
v 7.516419 31.941343 -16.012352
v 6.992372 32.640438 -16.102083
v 6.503929 33.317616 -16.126528
v 7.239803 32.823856 -16.312063
v 6.714080 33.529682 -16.356371
v 6.105670 34.379597 -16.338663
v 5.932234 34.071808 -16.073875
v 5.100061 34.987839 -16.412773
v 5.039087 34.563980 -16.041035
v 4.290851 35.193642 -16.531178
v 4.237597 34.769043 -16.020456
v 4.265736 34.189644 -15.572412
v 4.365416 33.558693 -15.160096
v 3.493835 34.973705 -16.042601
v 3.630574 34.339996 -15.524545
v 3.880515 33.665836 -15.063585
v 4.395402 32.876682 -14.722207
v 2.996615 34.510448 -15.435034
v 3.097370 33.820278 -14.990578
v 2.509009 33.840446 -14.842137
v 2.513033 35.195530 -15.591771
v 3.584581 35.440426 -16.591030
v 3.111324 35.903175 -16.432453
v 3.602258 35.714840 -17.036617
v 3.187677 36.160278 -16.878769
v 3.555140 35.838093 -17.409504
v 3.115656 36.305504 -17.242647
v 3.440143 35.851700 -17.711971
v 2.958023 36.376785 -17.500450
v 3.225261 35.811459 -17.971941
v 2.785955 36.396626 -17.647345
v 4.269956 35.425220 -17.789370
v 4.157861 35.304291 -18.123297
v 3.983249 35.115856 -18.372744
v 5.215136 34.930931 -17.926559
v 5.129696 34.645458 -18.181854
v 4.954722 34.329952 -18.393389
v 5.950793 34.096333 -17.903761
v 5.717821 33.724453 -18.134388
v 6.550391 33.323811 -17.852083
v 6.283326 33.009880 -18.073589
v 7.096101 32.565079 -17.882471
v 6.808026 32.287022 -18.081415
v 7.674292 31.839857 -17.858486
v 7.390020 31.568470 -18.038143
v 7.088235 31.298532 -18.106792
v 8.026528 30.855925 -17.991348
v 7.716121 30.574183 -18.022047
v 7.428087 30.324860 -17.972731
v 8.401642 29.863361 -17.933046
v 8.119190 29.608871 -17.858192
v 7.869784 29.397247 -17.700638
v 7.172389 30.120977 -17.837126
v 7.673918 29.257202 -17.464005
v 6.982135 30.005125 -17.604462
v 7.618076 29.281363 -17.123627
v 6.945192 30.046833 -17.283350
v 7.633461 29.376425 -16.734322
v 6.982949 30.162971 -16.916866
v 7.733821 29.547207 -16.336500
v 7.043365 30.296322 -16.501120
v 7.870888 29.730881 -15.966123
v 7.190235 30.476622 -16.118126
v 8.101998 29.973583 -15.741897
v 7.442408 30.708559 -15.859425
v 8.381524 30.223175 -15.691190
v 7.765055 30.965418 -15.806751
v 8.678888 30.453623 -15.758738
v 8.074572 31.186295 -15.917112
v 8.913957 30.591209 -16.035923
v 8.345795 31.357222 -16.138954
v 7.755650 32.079765 -16.270178
v 8.541154 31.455133 -16.452446
v 7.953872 32.192616 -16.551622
v 7.410632 32.930042 -16.601870
v 8.054646 32.232800 -16.878819
v 7.489430 32.965145 -16.934946
v 6.917715 33.700928 -16.951168
v 6.851954 33.657776 -16.625118
v 6.265257 34.596924 -16.973415
v 6.222231 34.546116 -16.640600
v 5.228600 35.207424 -17.194714
v 5.186170 35.184673 -16.811262
v 4.325927 35.493576 -17.405313
v 4.321971 35.413559 -17.003712
v 5.228517 35.114807 -17.591211
v 6.237277 34.536388 -17.324167
v 6.126700 34.364052 -17.639105
v 6.885303 33.662891 -17.273903
v 6.752542 33.537991 -17.584146
v 7.454779 32.914642 -17.282055
v 7.317780 32.780762 -17.604736
v 8.017152 32.167301 -17.233334
v 7.895489 32.046078 -17.570375
v 8.625163 31.424875 -17.182074
v 8.499287 31.288000 -17.534111
v 8.300306 31.104361 -17.817987
v 9.060744 30.483370 -17.419592
v 8.930776 30.344294 -17.756409
v 8.686089 30.127151 -17.919771
v 9.610862 29.636791 -17.620022
v 9.404467 29.411066 -17.817085
v 9.133101 29.148529 -17.843990
v 10.133049 28.734322 -17.655027
v 9.873854 28.457594 -17.698149
v 9.586141 28.181286 -17.613844
v 8.848198 28.891479 -17.744453
v 9.322065 27.968800 -17.389160
v 8.589521 28.675179 -17.564066
v 9.113699 27.834650 -17.090797
v 8.384755 28.532553 -17.300070
v 9.009932 27.834452 -16.706062
v 8.316988 28.553633 -16.936716
v 8.999105 27.923569 -16.323936
v 8.316936 28.645226 -16.526215
v 9.122417 28.130766 -15.954295
v 8.375324 28.791288 -16.098610
v 9.229075 28.304371 -15.608424
v 8.554397 29.010414 -15.786673
v 9.430734 28.542320 -15.409647
v 8.775896 29.247347 -15.578173
v 9.674849 28.792929 -15.417555
v 9.027294 29.487720 -15.506951
v 9.921519 29.003269 -15.584967
v 9.286292 29.686378 -15.673737
v 10.180599 29.221151 -15.757687
v 9.500219 29.820351 -15.942553
v 10.398044 29.395880 -15.974276
v 9.739020 29.999315 -16.163633
v 9.115470 30.700254 -16.344185
v 9.832838 30.026583 -16.500053
v 9.245028 30.755381 -16.684483
v 8.648547 31.491369 -16.801136
v 9.206663 30.655176 -17.071844
v 9.744504 29.883686 -16.875257
v 9.708493 29.784973 -17.275013
v 10.444369 29.266846 -16.717072
v 10.405391 29.133301 -17.108118
v 10.328986 28.977196 -17.454882
v 11.124681 28.506248 -16.933125
v 11.052423 28.323317 -17.248224
v 10.865891 28.061403 -17.425940
v 11.714736 27.742216 -17.044031
v 11.521180 27.468361 -17.211874
v 11.282136 27.163029 -17.312820
v 10.611979 27.773886 -17.503656
v 10.985037 26.863689 -17.243504
v 10.311449 27.485828 -17.449141
v 10.726720 26.660122 -17.004271
v 10.049467 27.276056 -17.204659
v 10.522498 26.570377 -16.647734
v 9.848638 27.171600 -16.859730
v 10.403319 26.561352 -16.270168
v 9.733756 27.172928 -16.463463
v 10.348761 26.638056 -15.871401
v 9.664710 27.235361 -16.079870
v 10.418993 26.809797 -15.540533
v 9.772922 27.454126 -15.777396
v 10.630163 27.088743 -15.353909
v 9.980511 27.723022 -15.578037
v 10.868594 27.323385 -15.294636
v 10.130264 27.928129 -15.326771
v 11.080631 27.551003 -15.136258
v 10.349615 28.163029 -15.273193
v 11.312892 27.818838 -15.231127
v 10.601357 28.393652 -15.457009
v 11.554056 28.035965 -15.399270
v 10.860570 28.637899 -15.569668
v 11.704951 28.121681 -15.665827
v 11.063224 28.774441 -15.807859
v 11.724064 28.056974 -16.022118
v 11.116096 28.724190 -16.173819
v 10.478095 29.390429 -16.336046
v 11.092317 28.595459 -16.548569
v 11.780994 28.031664 -16.388132
v 11.804482 27.946072 -16.755823
v 12.160682 27.436813 -16.202297
v 12.116670 27.340757 -16.446474
v 12.022470 27.182138 -16.631704
v 12.654438 26.607368 -16.217857
v 12.579902 26.503088 -16.389141
v 12.453420 26.368818 -16.479462
v 11.877354 26.993242 -16.730394
v 12.306364 26.211205 -16.506693
v 11.695274 26.789322 -16.776220
v 12.154363 26.051619 -16.467905
v 11.535118 26.592886 -16.706451
v 12.016137 25.918064 -16.363874
v 11.367179 26.441374 -16.557505
v 11.926803 25.863718 -16.175058
v 11.247047 26.358171 -16.353584
v 11.871835 25.844833 -15.982345
v 11.182405 26.334633 -16.117140
v 11.889761 25.901073 -15.788752
v 11.188823 26.402046 -15.883383
v 11.941356 25.988407 -15.604057
v 11.250897 26.516197 -15.673198
v 12.025832 26.103222 -15.441499
v 11.345793 26.679792 -15.475309
v 12.147820 26.236818 -15.341001
v 11.471433 26.870646 -15.362499
v 12.293507 26.384319 -15.295843
v 11.639538 27.059410 -15.324116
v 12.447214 26.529570 -15.314786
v 11.809535 27.233284 -15.344813
v 12.575069 26.637213 -15.442920
v 11.962644 27.373974 -15.480934
v 12.663412 26.699915 -15.619249
v 12.087006 27.452061 -15.675635
v 12.712233 26.720533 -15.822868
v 12.149891 27.470324 -15.930238
v 12.698171 26.680752 -16.026052
v 4.682013 32.572998 -15.030782
v -2.254577 32.673138 -15.989572
v -1.997418 32.341526 -16.070429
v -2.469355 31.817181 -16.069693
v -2.174207 31.597338 -16.314831
v -2.786965 30.874374 -16.241190
v -2.628269 30.708395 -16.627560
v -7.302324 28.264145 -15.382950
v -6.811717 29.115339 -15.743080
v -7.503457 28.421171 -15.625251
v -6.134173 29.712267 -16.224693
v 1.037305 32.959095 -14.206477
v 1.383801 33.764694 -14.620877
v 1.738930 34.874123 -15.103321
v -0.909349 29.852915 -15.039275
v -0.867172 31.899147 -14.741810
v -0.745501 31.819454 -14.475607
v -0.990268 29.929878 -15.319131
v -0.954007 29.898636 -15.190279
v -0.806849 31.859648 -14.609840
v -1.017303 30.222446 -15.066578
v -1.072507 30.262547 -15.205031
v -1.024005 30.552774 -14.964310
v -1.097240 30.593054 -15.091341
v -1.006837 30.883764 -14.864345
v -1.101974 30.925278 -14.975361
v -0.985203 31.211288 -14.754880
v -1.087678 31.254942 -14.858867
v -0.917431 31.539501 -14.672306
v -1.012857 31.589584 -14.780201
v -0.830010 31.491724 -14.560418
v -0.883579 31.168207 -14.651066
v -0.916708 30.841385 -14.749660
v -0.946240 30.512781 -14.841026
v -0.961909 30.182329 -14.934141
v 4.784349 29.718075 -15.251731
v 4.962210 29.778917 -15.489716
v 4.867943 31.732845 -14.837389
v 4.743237 31.642632 -14.577693
v 4.873670 29.751223 -15.369703
v 4.806243 31.688232 -14.708917
v 4.795139 31.318464 -14.688512
v 4.887706 31.366199 -14.796128
v 4.987429 31.415499 -14.900568
v 4.935832 31.040503 -14.895975
v 5.043285 31.083738 -14.996366
v 4.948218 30.717648 -15.014319
v 5.050901 30.757570 -15.118493
v 4.948896 30.389523 -15.123378
v 5.046730 30.425303 -15.234408
v 4.935728 30.062445 -15.232084
v 5.031024 30.096518 -15.347626
v 4.846128 30.028297 -15.115616
v 4.855989 30.353666 -15.009217
v 4.846521 30.676617 -14.908443
v 4.830303 30.998308 -14.796555
v 2.793623 33.196735 -14.479080
v 3.113469 32.633877 -14.113774
v 3.529410 31.989790 -13.784959
v 1.539870 35.396015 -15.635555
v 1.028630 36.005180 -16.195629
v 0.362686 31.781866 -13.659552
v 0.664670 32.312527 -13.879388
v 0.218844 30.806938 -13.604556
v -8.463973 26.655445 -16.370831
v -8.548447 26.764736 -16.196768
v -8.358267 26.533392 -16.479340
v 2.141332 36.389114 -17.826277
v 2.503606 36.377571 -17.744568
v 1.813622 36.408138 -17.803280
v 3.845331 31.200754 -13.591641
v 3.756804 30.385853 -13.726283
v 3.816668 31.453451 -13.594097
v -8.057334 26.259710 -16.480461
v -8.207618 26.394506 -16.519033
v -7.931768 26.146751 -16.395151
v -7.847830 26.066721 -16.278648
v -7.803086 26.049887 -16.094280
v -7.785567 26.058840 -15.905855
v -7.842616 26.129036 -15.739822
v -7.930080 26.234554 -15.567136
v -8.035046 26.356167 -15.433040
v -8.172267 26.494156 -15.380668
v -8.322865 26.643518 -15.399994
v -8.442705 26.759443 -15.468147
v -8.524070 26.818851 -15.613271
v -8.576457 26.843967 -15.795286
v -8.589933 26.827900 -15.999267
v 1.316226 36.471283 -17.627417
v 1.523475 36.443359 -17.738848
v 1.121146 36.482880 -17.465620
v 0.959910 36.461884 -17.229393
v 0.850892 36.327293 -16.773195
v -0.327340 28.668245 -14.398299
v -0.103112 28.630093 -14.151791
v 0.260624 28.578358 -13.782795
v 0.278326 29.771688 -13.683561
v -0.574627 28.694126 -14.788192
v -0.579559 28.719370 -15.232438
v -0.678599 28.644569 -15.699257
v -0.581305 28.578503 -16.088182
v -0.292262 28.469578 -16.461468
v 0.041193 28.338234 -16.803080
v 0.522408 28.260883 -17.084034
v 1.200031 28.271416 -17.200233
v 2.024636 28.291391 -17.226709
v 2.790611 28.247971 -17.195477
v 3.501458 28.236370 -17.042145
v 3.996446 28.346336 -16.706034
v 4.377053 28.480303 -16.310940
v 4.583080 28.526215 -15.944714
v 4.666858 28.521893 -15.645491
v 4.596643 28.530821 -15.304898
v 4.424690 28.540415 -14.936529
v 4.098843 28.539658 -14.599852
v 3.601116 29.458591 -13.904426
v 3.517396 28.497108 -14.053735
v 2.495449 33.813232 -14.881831
v 2.492028 35.169403 -15.628868
v 3.079857 35.876198 -16.460419
v 3.150567 36.129368 -16.891710
v 3.079926 36.270725 -17.238922
v 2.928722 36.341747 -17.480108
v 2.766178 36.364670 -17.614365
v 12.616001 26.586075 -16.194000
v 12.548913 26.491379 -16.351688
v 12.433085 26.368780 -16.433783
v 12.296590 26.222507 -16.458977
v 12.157140 26.074263 -16.423414
v 12.031934 25.951372 -16.330097
v 11.951325 25.903292 -16.156820
v 11.900781 25.885593 -15.983209
v 11.918520 25.937199 -15.807930
v 11.967655 26.018997 -15.633597
v 12.046728 26.125525 -15.481071
v 12.159781 26.247869 -15.388274
v 12.296105 26.385038 -15.345770
v 12.435410 26.517159 -15.361761
v 12.548596 26.613447 -15.478053
v 12.628133 26.670952 -15.639658
v 12.672337 26.690628 -15.826612
v 12.657426 26.653959 -16.015007
v 1.055834 32.928375 -14.241305
v 1.410001 33.737740 -14.653846
v 1.768920 34.852612 -15.137054
v -0.862669 29.865620 -15.051906
v -0.828287 31.888031 -14.771210
v -0.704072 31.813181 -14.502890
v -0.943962 29.944471 -15.331080
v -0.907510 29.912315 -15.202561
v -0.766588 31.851006 -14.638201
v -1.026485 30.274122 -15.220777
v -1.053656 30.601274 -15.114426
v -1.062176 30.933609 -15.004458
v -1.050256 31.259531 -14.891707
v -0.974808 31.584234 -14.812195
v -0.790129 31.489359 -14.590483
v -0.845313 31.172348 -14.682981
v -0.876674 30.847258 -14.779033
v -0.903026 30.518192 -14.865588
v -0.915869 30.191666 -14.951263
v 4.745050 29.736755 -15.276361
v 4.923516 29.798159 -15.514868
v 4.828162 31.727348 -14.867176
v 4.701387 31.642378 -14.605052
v 4.834677 29.770189 -15.394600
v 4.765326 31.685413 -14.737515
v 4.755460 31.321251 -14.718807
v 4.949294 31.415081 -14.932902
v 5.007102 31.091528 -15.029982
v 5.014027 30.768484 -15.150449
v 5.008583 30.436544 -15.264715
v 4.992170 30.112013 -15.375018
v 4.806412 30.043053 -15.142166
v 4.816873 30.363678 -15.038709
v 4.809089 30.686296 -14.940147
v 4.793483 31.006262 -14.829433
vt 0.076927 0.376932
vt 0.089183 0.365139
vt 0.105481 0.411439
vt 0.087443 0.419468
vt 0.070405 0.427876
vt 0.056408 0.381672
vt 0.729515 0.685160
vt 0.732630 0.713768
vt 0.707493 0.717023
vt 0.713467 0.680290
vt 0.748043 0.663245
vt 0.764549 0.698319
vt 0.723996 0.639587
vt 0.798873 0.234085
vt 0.762872 0.227405
vt 0.762893 0.203763
vt 0.779330 0.198346
vt 0.792871 0.287451
vt 0.752535 0.255971
vt 0.803966 0.178791
vt 0.831159 0.199165
vt 0.879635 0.363740
vt 0.889347 0.324009
vt 0.916082 0.334309
vt 0.918115 0.378031
vt 0.852636 0.359982
vt 0.866989 0.320388
vt 0.883064 0.411898
vt 0.853598 0.397017
vt 0.832108 0.386213
vt 0.915016 0.166844
vt 0.932777 0.166222
vt 0.936302 0.198353
vt 0.909169 0.205847
vt 0.903946 0.123496
vt 0.933113 0.117456
vt 0.890412 0.179438
vt 0.940560 0.672157
vt 0.988057 0.650280
vt 0.993672 0.661074
vt 0.948784 0.685271
vt 0.077849 0.926052
vt 0.062970 0.931847
vt 0.053849 0.890705
vt 0.072096 0.886735
vt 0.089752 0.886763
vt 0.090856 0.926154
vt 0.937887 0.659851
vt 0.983818 0.640269
vt 0.865505 0.694534
vt 0.876884 0.731355
vt 0.839783 0.752808
vt 0.827265 0.715332
vt 0.842018 0.663200
vt 0.870360 0.653392
vt 0.882403 0.672368
vt 0.282025 0.929420
vt 0.292224 0.898281
vt 0.320784 0.904101
vt 0.318036 0.943667
vt 0.259600 0.913825
vt 0.267714 0.895074
vt 0.657204 0.443313
vt 0.654535 0.427152
vt 0.673561 0.425337
vt 0.676998 0.447618
vt 0.641155 0.460352
vt 0.636485 0.428678
vt 0.254797 0.063371
vt 0.274843 0.058234
vt 0.263749 0.085141
vt 0.235685 0.077712
vt 0.066523 0.217251
vt 0.022948 0.228166
vt 0.021586 0.208644
vt 0.059526 0.189864
vt 0.115506 0.245527
vt 0.086776 0.285839
vt 0.050570 0.255389
vt 0.021474 0.245400
vt 0.107726 0.150281
vt 0.136596 0.164116
vt 0.121235 0.249731
vt 0.140114 0.169458
vt 0.173938 0.177674
vt 0.167251 0.246498
vt 0.782791 0.614968
vt 0.783073 0.563402
vt 0.809326 0.568309
vt 0.817893 0.615743
vt 0.734722 0.594839
vt 0.741466 0.553512
vt 0.765425 0.642186
vt 0.732261 0.608011
vt 0.898744 0.249884
vt 0.917896 0.240957
vt 0.918038 0.283085
vt 0.893705 0.280244
vt 0.870534 0.275193
vt 0.884719 0.236426
vt 0.154362 0.507572
vt 0.147730 0.541199
vt 0.127145 0.541383
vt 0.127899 0.501948
vt 0.174401 0.522217
vt 0.168350 0.542979
vt 0.239953 0.408867
vt 0.266721 0.389257
vt 0.275390 0.414990
vt 0.258115 0.426795
vt 0.214252 0.416631
vt 0.190309 0.372229
vt 0.221965 0.361507
vt 0.228156 0.361077
vt 0.197361 0.372287
vt 0.178063 0.314907
vt 0.213937 0.306833
vt 0.252219 0.298730
vt 0.261176 0.346129
vt 0.255974 0.347024
vt 0.293549 0.289668
vt 0.301114 0.332944
vt 0.306746 0.369707
vt 0.272644 0.387293
vt 0.342893 0.324106
vt 0.345667 0.358084
vt 0.301895 0.372110
vt 0.341844 0.361152
vt 0.343093 0.388217
vt 0.303873 0.401222
vt 0.344453 0.417093
vt 0.308539 0.427690
vt 0.286930 0.436070
vt 0.272054 0.443849
vt 0.313811 0.455476
vt 0.295144 0.459657
vt 0.280808 0.465104
vt 0.738347 0.169718
vt 0.746978 0.158103
vt 0.766348 0.174567
vt 0.754566 0.184092
vt 0.477373 0.539346
vt 0.498549 0.535774
vt 0.501077 0.554501
vt 0.478976 0.556274
vt 0.216560 0.533499
vt 0.214779 0.551066
vt 0.191213 0.547257
vt 0.194677 0.529186
vt 0.213199 0.581806
vt 0.189618 0.579624
vt 0.168486 0.580168
vt 0.150402 0.583844
vt 0.191033 0.632144
vt 0.171863 0.633424
vt 0.154040 0.634882
vt 0.135179 0.636171
vt 0.132154 0.586277
vt 0.173572 0.688088
vt 0.155350 0.688422
vt 0.135789 0.688704
vt 0.113655 0.689323
vt 0.113602 0.637579
vt 0.155945 0.740827
vt 0.135879 0.740963
vt 0.115364 0.740935
vt 0.095618 0.740844
vt 0.092592 0.689581
vt 0.136792 0.791253
vt 0.116158 0.790981
vt 0.098598 0.791151
vt 0.082832 0.791940
vt 0.077514 0.741604
vt 0.117870 0.839952
vt 0.101165 0.840993
vt 0.087062 0.841504
vt 0.069012 0.842023
vt 0.065855 0.792790
vt 0.104064 0.885724
vt 0.120007 0.884251
vt 0.120447 0.927418
vt 0.106730 0.927081
vt 0.934769 0.644437
vt 0.931429 0.631133
vt 0.976399 0.619501
vt 0.979637 0.629903
vt 0.928757 0.618590
vt 0.974165 0.609431
vt 0.926782 0.606213
vt 0.973145 0.600053
vt 0.925082 0.593498
vt 0.972599 0.589527
vt 0.925193 0.579222
vt 0.972612 0.579113
vt 0.925775 0.564934
vt 0.974023 0.568837
vt 0.927539 0.549923
vt 0.975853 0.557167
vt 0.930116 0.536393
vt 0.977952 0.545950
vt 0.933220 0.523166
vt 0.980707 0.535417
vt 0.936152 0.509360
vt 0.983660 0.524464
vt 0.939623 0.497270
vt 0.986487 0.514762
vt 0.943619 0.484914
vt 0.990208 0.505455
vt 0.948645 0.472628
vt 0.994579 0.495958
vt 0.955000 0.459982
vt 0.999731 0.486102
vt 0.999731 0.670702
vt 0.955875 0.698265
vt 0.622518 0.933574
vt 0.608435 0.931001
vt 0.615550 0.888714
vt 0.633424 0.891544
vt 0.048427 0.936253
vt 0.034192 0.894013
vt 0.619664 0.842314
vt 0.639381 0.843510
vt 0.028463 0.844537
vt 0.049519 0.842981
vt 0.026247 0.794668
vt 0.047205 0.793555
vt 0.023503 0.745219
vt 0.043782 0.744023
vt 0.062319 0.742574
vt 0.040123 0.693764
vt 0.056916 0.691658
vt 0.073766 0.690132
vt 0.053640 0.640339
vt 0.071428 0.639231
vt 0.091834 0.638683
vt 0.070034 0.588758
vt 0.091367 0.588543
vt 0.112049 0.587651
vt 0.087339 0.538665
vt 0.107868 0.540651
vt 0.083067 0.488190
vt 0.107215 0.494281
vt 0.193647 0.424230
vt 0.171355 0.435260
vt 0.142084 0.392796
vt 0.164371 0.382188
vt 0.117793 0.341006
vt 0.139628 0.323542
vt 0.171950 0.313284
vt 0.146604 0.325677
vt 0.102588 0.353598
vt 0.075327 0.304373
vt 0.123174 0.402684
vt 0.150890 0.447347
vt 0.132495 0.459561
vt 0.117121 0.471211
vt 0.037342 0.482155
vt 0.059492 0.484360
vt 0.065225 0.537520
vt 0.044509 0.537828
vt 0.027039 0.539229
vt 0.017939 0.482144
vt 0.009396 0.540829
vt 0.000269 0.483180
vt 0.051303 0.589745
vt 0.033821 0.591078
vt 0.015680 0.591968
vt 0.643036 0.595554
vt 0.624880 0.594862
vt 0.625409 0.544208
vt 0.642292 0.545158
vt 0.036881 0.641980
vt 0.019073 0.643274
vt 0.643281 0.645984
vt 0.624390 0.645869
vt 0.606141 0.644825
vt 0.607531 0.594156
vt 0.642866 0.696731
vt 0.622962 0.696349
vt 0.603642 0.694885
vt 0.586065 0.693242
vt 0.587543 0.643131
vt 0.622025 0.745711
vt 0.602444 0.744612
vt 0.585102 0.743608
vt 0.566877 0.742880
vt 0.567115 0.692114
vt 0.602405 0.793785
vt 0.584902 0.793744
vt 0.566808 0.793283
vt 0.547304 0.792862
vt 0.546238 0.742228
vt 0.585473 0.841350
vt 0.567542 0.841501
vt 0.548933 0.841856
vt 0.529506 0.842427
vt 0.525917 0.792793
vt 0.568231 0.885898
vt 0.551424 0.886922
vt 0.534638 0.888572
vt 0.515799 0.891668
vt 0.508966 0.844128
vt 0.555703 0.931451
vt 0.542136 0.933000
vt 0.528543 0.935847
vt 0.487602 0.846090
vt 0.482175 0.794063
vt 0.503935 0.793224
vt 0.494832 0.896063
vt 0.205899 0.900436
vt 0.186483 0.894361
vt 0.193704 0.845848
vt 0.214959 0.849374
vt 0.513751 0.940651
vt 0.185169 0.943210
vt 0.172029 0.937285
vt 0.174515 0.842780
vt 0.175754 0.793091
vt 0.195382 0.793877
vt 0.216560 0.795138
vt 0.168678 0.889664
vt 0.151385 0.886394
vt 0.155457 0.840788
vt 0.158428 0.932377
vt 0.145869 0.929744
vt 0.136365 0.839554
vt 0.156650 0.792250
vt 0.135317 0.884785
vt 0.133418 0.927895
vt 0.174540 0.740659
vt 0.192186 0.687496
vt 0.193873 0.740684
vt 0.213489 0.687375
vt 0.215368 0.741011
vt 0.478529 0.741696
vt 0.476852 0.689474
vt 0.499353 0.689788
vt 0.500899 0.741602
vt 0.522536 0.690293
vt 0.523730 0.741780
vt 0.545582 0.691098
vt 0.522077 0.638485
vt 0.545536 0.639999
vt 0.567913 0.641766
vt 0.546865 0.591414
vt 0.569141 0.592268
vt 0.588929 0.593339
vt 0.569818 0.545537
vt 0.589744 0.544310
vt 0.607958 0.543851
vt 0.588213 0.495142
vt 0.608292 0.490519
vt 0.626696 0.487995
vt 0.714145 0.302594
vt 0.726555 0.289439
vt 0.766664 0.332451
vt 0.753928 0.347461
vt 0.740636 0.361572
vt 0.702684 0.314065
vt 0.643281 0.488063
vt 0.803638 0.367492
vt 0.787157 0.382696
vt 0.771464 0.395962
vt 0.815506 0.406704
vt 0.803860 0.423074
vt 0.837195 0.422381
vt 0.826145 0.442049
vt 0.040083 0.341162
vt 0.022123 0.316144
vt 0.030755 0.301721
vt 0.052219 0.330577
vt 0.038433 0.287960
vt 0.065214 0.317884
vt 0.044371 0.273977
vt 0.013529 0.272980
vt 0.018089 0.260912
vt 0.007836 0.285569
vt 0.000269 0.299129
vt 0.846553 0.459444
vt 0.860752 0.438502
vt 0.825348 0.349046
vt 0.782942 0.314384
vt 0.847131 0.315930
vt 0.739863 0.274400
vt 0.846093 0.262788
vt 0.863738 0.222236
vt 0.863153 0.159408
vt 0.835070 0.145113
vt 0.854192 0.104256
vt 0.876744 0.109890
vt 0.862709 0.056785
vt 0.882351 0.059980
vt 0.905120 0.064067
vt 0.892622 0.010980
vt 0.909177 0.010158
vt 0.934358 0.008862
vt 0.935845 0.066850
vt 0.869192 0.010033
vt 0.836616 0.049672
vt 0.847480 0.006839
vt 0.807948 0.038169
vt 0.824485 0.000269
vt 0.476186 0.417239
vt 0.435029 0.432693
vt 0.426590 0.404338
vt 0.468677 0.396805
vt 0.422358 0.374874
vt 0.464777 0.371847
vt 0.421217 0.347165
vt 0.463007 0.345838
vt 0.418862 0.316624
vt 0.461462 0.315554
vt 0.416251 0.278673
vt 0.461129 0.278941
vt 0.415530 0.234933
vt 0.461484 0.235139
vt 0.412181 0.191289
vt 0.463061 0.193857
vt 0.419792 0.150726
vt 0.464838 0.154365
vt 0.423997 0.117395
vt 0.466681 0.121441
vt 0.427715 0.081967
vt 0.469392 0.091368
vt 0.433055 0.053267
vt 0.476186 0.069765
vt 0.876506 0.475410
vt 0.883896 0.517697
vt 0.864329 0.521585
vt 0.860362 0.476189
vt 0.841382 0.523074
vt 0.842798 0.475608
vt 0.816531 0.521329
vt 0.822484 0.473949
vt 0.789690 0.516746
vt 0.799113 0.469585
vt 0.749532 0.506603
vt 0.760871 0.459982
vt 0.841524 0.569308
vt 0.853471 0.614907
vt 0.871203 0.566645
vt 0.883947 0.609681
vt 0.895674 0.643175
vt 0.895701 0.560198
vt 0.908982 0.601362
vt 0.919685 0.635394
vt 0.924544 0.654797
vt 0.902430 0.660437
vt 0.303804 0.036969
vt 0.341106 0.041628
vt 0.341035 0.072635
vt 0.300581 0.063933
vt 0.283328 0.032581
vt 0.342292 0.106951
vt 0.299673 0.097504
vt 0.298508 0.100560
vt 0.340496 0.108880
vt 0.340271 0.144624
vt 0.297673 0.140786
vt 0.297898 0.138498
vt 0.256147 0.129396
vt 0.221006 0.120186
vt 0.256543 0.132784
vt 0.292143 0.186505
vt 0.249618 0.182847
vt 0.211062 0.181608
vt 0.221891 0.124531
vt 0.208654 0.178132
vt 0.170894 0.173269
vt 0.187685 0.111646
vt 0.247882 0.241609
vt 0.208279 0.244744
vt 0.289978 0.238512
vt 0.338832 0.189738
vt 0.340594 0.236894
vt 0.339792 0.281981
vt 0.385803 0.234807
vt 0.384762 0.276503
vt 0.383656 0.316764
vt 0.381525 0.319895
vt 0.383577 0.278872
vt 0.382157 0.352573
vt 0.384996 0.348784
vt 0.383106 0.380214
vt 0.385252 0.410526
vt 0.388798 0.442921
vt 0.347819 0.449504
vt 0.772839 0.114076
vt 0.790400 0.079118
vt 0.822102 0.094058
vt 0.802646 0.129976
vt 0.779813 0.160317
vt 0.756455 0.142470
vt 0.385596 0.236383
vt 0.381358 0.191092
vt 0.382067 0.191710
vt 0.382246 0.147890
vt 0.383964 0.147682
vt 0.341242 0.143389
vt 0.384237 0.113139
vt 0.384478 0.077668
vt 0.386748 0.045030
vt 0.158736 0.101031
vt 0.184923 0.059143
vt 0.208614 0.069997
vt 0.614399 0.468775
vt 0.589468 0.476151
vt 0.593532 0.431823
vt 0.615632 0.429859
vt 0.599069 0.387973
vt 0.619547 0.388107
vt 0.637991 0.389532
vt 0.623498 0.341837
vt 0.642020 0.343565
vt 0.658811 0.345493
vt 0.654666 0.392674
vt 0.674700 0.347973
vt 0.671956 0.395510
vt 0.694497 0.350952
vt 0.693953 0.396115
vt 0.697201 0.420953
vt 0.220605 0.882646
vt 0.223554 0.859019
vt 0.248457 0.861467
vt 0.243838 0.887925
vt 0.238011 0.906319
vt 0.217099 0.899696
vt 0.702145 0.438984
vt 0.273161 0.863150
vt 0.250634 0.818536
vt 0.274307 0.817853
vt 0.297342 0.817198
vt 0.296960 0.862553
vt 0.319937 0.816818
vt 0.320739 0.862650
vt 0.341201 0.816190
vt 0.342341 0.863059
vt 0.345241 0.907829
vt 0.362190 0.862993
vt 0.365056 0.909182
vt 0.368261 0.963012
vt 0.346731 0.957047
vt 0.890790 0.759445
vt 0.903425 0.777450
vt 0.858288 0.813730
vt 0.848331 0.787570
vt 0.823465 0.837771
vt 0.810120 0.805775
vt 0.801704 0.768377
vt 0.796842 0.728387
vt 0.774645 0.825244
vt 0.770090 0.781788
vt 0.771690 0.737171
vt 0.786322 0.687195
vt 0.737983 0.794470
vt 0.733113 0.752125
vt 0.702684 0.756262
vt 0.718285 0.833275
vt 0.790734 0.860334
vt 0.761270 0.879437
vt 0.802106 0.885861
vt 0.773824 0.902117
vt 0.810324 0.904601
vt 0.780983 0.921005
vt 0.007635 0.168141
vt 0.032279 0.144807
vt 0.043770 0.157105
vt 0.014609 0.182293
vt 0.053779 0.171754
vt 0.018351 0.193295
vt 0.068242 0.115540
vt 0.083542 0.125985
vt 0.097204 0.136949
vt 0.099572 0.072616
vt 0.117343 0.079542
vt 0.135116 0.089569
vt 0.138145 0.032565
vt 0.160498 0.045538
vt 0.562105 0.481500
vt 0.536544 0.485343
vt 0.543307 0.434317
vt 0.568076 0.433820
vt 0.553462 0.386112
vt 0.576949 0.387401
vt 0.559468 0.337988
vt 0.581980 0.339122
vt 0.603376 0.340380
vt 0.584688 0.289690
vt 0.606225 0.290640
vt 0.625899 0.291512
vt 0.606504 0.240163
vt 0.626058 0.240555
vt 0.644363 0.240711
vt 0.644007 0.292205
vt 0.661404 0.240926
vt 0.660440 0.293037
vt 0.679049 0.241426
vt 0.677060 0.294144
vt 0.699685 0.241725
vt 0.696979 0.295485
vt 0.232514 0.762722
vt 0.238158 0.711300
vt 0.260304 0.713249
vt 0.254516 0.764893
vt 0.227501 0.815783
vt 0.282287 0.714662
vt 0.277116 0.766202
vt 0.302741 0.716033
vt 0.298928 0.766621
vt 0.321997 0.717049
vt 0.320229 0.766872
vt 0.341423 0.717634
vt 0.340621 0.766903
vt 0.361167 0.717737
vt 0.360689 0.766716
vt 0.360962 0.815490
vt 0.380132 0.766502
vt 0.379778 0.815036
vt 0.380438 0.862246
vt 0.397358 0.814813
vt 0.397957 0.861539
vt 0.399162 0.908660
vt 0.382081 0.909531
vt 0.403883 0.964872
vt 0.386615 0.965177
vt 0.914561 0.791860
vt 0.924544 0.805661
vt 0.880968 0.847763
vt 0.869920 0.832377
vt 0.845233 0.880130
vt 0.835401 0.862014
vt 0.050845 0.105492
vt 0.063394 0.057329
vt 0.081966 0.066070
vt 0.088770 0.000269
vt 0.104029 0.010238
vt 0.119991 0.021032
vt 0.514939 0.487264
vt 0.495315 0.487456
vt 0.503517 0.430942
vt 0.522314 0.433258
vt 0.512288 0.382521
vt 0.531757 0.384528
vt 0.518136 0.334052
vt 0.537753 0.336110
vt 0.523329 0.284548
vt 0.543718 0.286368
vt 0.563768 0.288162
vt 0.548623 0.235903
vt 0.568342 0.237733
vt 0.586856 0.239487
vt 0.568745 0.187515
vt 0.586900 0.188388
vt 0.605584 0.188981
vt 0.586087 0.139415
vt 0.604285 0.139579
vt 0.623710 0.139356
vt 0.625090 0.189276
vt 0.643189 0.139083
vt 0.643928 0.189388
vt 0.661963 0.138558
vt 0.661945 0.189395
vt 0.681639 0.137615
vt 0.680563 0.189224
vt 0.701533 0.136315
vt 0.702145 0.188744
vt 0.245110 0.660906
vt 0.252858 0.611018
vt 0.274554 0.613932
vt 0.267550 0.663064
vt 0.293985 0.616502
vt 0.288224 0.664448
vt 0.311624 0.618092
vt 0.307391 0.665689
vt 0.328549 0.619928
vt 0.324888 0.666901
vt 0.346481 0.621213
vt 0.343144 0.667962
vt 0.365367 0.621954
vt 0.361725 0.668261
vt 0.382873 0.623012
vt 0.380616 0.669173
vt 0.380676 0.717982
vt 0.398325 0.670627
vt 0.399327 0.718693
vt 0.398719 0.766716
vt 0.503320 0.283035
vt 0.506346 0.233337
vt 0.527291 0.234533
vt 0.499322 0.332422
vt 0.506788 0.183438
vt 0.528005 0.184990
vt 0.549094 0.186498
vt 0.528327 0.136600
vt 0.549184 0.137628
vt 0.568245 0.138613
vt 0.551220 0.090174
vt 0.568880 0.091209
vt 0.585714 0.091832
vt 0.571478 0.051599
vt 0.587089 0.052648
vt 0.603316 0.053613
vt 0.603411 0.092326
vt 0.620274 0.053446
vt 0.622172 0.092423
vt 0.636536 0.051333
vt 0.640970 0.091360
vt 0.654240 0.048396
vt 0.659985 0.089852
vt 0.671607 0.043913
vt 0.679826 0.087561
vt 0.691226 0.038439
vt 0.699412 0.085456
vt 0.263319 0.563041
vt 0.275999 0.519394
vt 0.292875 0.525740
vt 0.281680 0.567563
vt 0.309962 0.529441
vt 0.300475 0.571365
vt 0.325032 0.530447
vt 0.317448 0.573699
vt 0.340135 0.532650
vt 0.332701 0.574972
vt 0.355535 0.534797
vt 0.351103 0.576732
vt 0.371139 0.535467
vt 0.368810 0.577452
vt 0.385157 0.534387
vt 0.385332 0.577499
vt 0.402115 0.531630
vt 0.403883 0.577223
vt 0.401388 0.624350
vt 0.507713 0.135391
vt 0.511642 0.086790
vt 0.531832 0.088843
vt 0.520614 0.039865
vt 0.538913 0.045067
vt 0.556060 0.049158
vt 0.548578 0.009258
vt 0.562064 0.013389
vt 0.575857 0.015355
vt 0.412457 0.519371
vt 0.415935 0.506681
vt 0.460058 0.523430
vt 0.456115 0.533449
vt 0.452878 0.543266
vt 0.409726 0.532057
vt 0.589268 0.016525
vt 0.450512 0.553943
vt 0.406824 0.545703
vt 0.603807 0.017064
vt 0.448986 0.565102
vt 0.406330 0.558925
vt 0.617581 0.015556
vt 0.448096 0.576065
vt 0.405168 0.572505
vt 0.631573 0.013853
vt 0.447633 0.586919
vt 0.404422 0.585110
vt 0.644145 0.010914
vt 0.447583 0.597049
vt 0.404484 0.597503
vt 0.656003 0.006438
vt 0.448333 0.607208
vt 0.404784 0.609748
vt 0.666917 0.000269
vt 0.449527 0.617746
vt 0.405868 0.622138
vt 0.297580 0.482144
vt 0.308712 0.487112
vt 0.451130 0.628509
vt 0.406834 0.635881
vt 0.321164 0.492108
vt 0.453356 0.638684
vt 0.407772 0.648672
vt 0.332874 0.495868
vt 0.455960 0.649040
vt 0.410249 0.661299
vt 0.345072 0.497833
vt 0.458828 0.659335
vt 0.413077 0.673252
vt 0.357249 0.498897
vt 0.462010 0.669445
vt 0.416432 0.685302
vt 0.369562 0.499087
vt 0.465503 0.679258
vt 0.421017 0.696687
vt 0.381800 0.498026
vt 0.469422 0.689096
vt 0.426244 0.708842
vt 0.394757 0.495871
vt 0.427605 0.482144
vt 0.469422 0.504630
vt 0.464481 0.513832
vt 0.421137 0.494342
vt 0.535054 0.003787
vt 0.494049 0.380390
vt 0.486598 0.428430
vt 0.476724 0.485595
vt 0.809913 0.674326
vt 0.566447 0.503058
vt 0.546419 0.548215
vt 0.538724 0.517397
vt 0.523687 0.551958
vt 0.518096 0.528605
vt 0.523664 0.589731
vt 0.500674 0.587671
vt 0.499543 0.636463
vt 0.476724 0.635221
vt 0.478087 0.586358
vt 0.212837 0.631833
vt 0.569793 0.929722
vt 0.584319 0.886795
vt 0.582233 0.929262
vt 0.602452 0.841615
vt 0.600042 0.887496
vt 0.595100 0.929637
vt 0.621290 0.794256
vt 0.642524 0.746089
vt 0.641961 0.794811
vt 0.021495 0.694945
vt 0.103299 0.481606
vt 0.939818 0.238227
vt 0.940959 0.285942
vt 0.940959 0.347916
vt 0.644802 0.576649
vt 0.652483 0.576178
vt 0.654127 0.593488
vt 0.646589 0.593880
vt 0.660034 0.575706
vt 0.661826 0.593191
vt 0.653597 0.488846
vt 0.652732 0.506557
vt 0.644981 0.506075
vt 0.646736 0.487995
vt 0.651860 0.523936
vt 0.644226 0.523671
vt 0.651464 0.541341
vt 0.643820 0.541348
vt 0.651668 0.558760
vt 0.643995 0.558944
vt 0.659284 0.558596
vt 0.659100 0.541354
vt 0.659451 0.524155
vt 0.660224 0.506896
vt 0.671565 0.575074
vt 0.679142 0.574580
vt 0.680381 0.591853
vt 0.672782 0.592437
vt 0.663851 0.575534
vt 0.665204 0.593321
vt 0.671050 0.505699
vt 0.663365 0.505249
vt 0.665225 0.487995
vt 0.672707 0.488448
vt 0.680381 0.488795
vt 0.678594 0.506154
vt 0.677798 0.523230
vt 0.670214 0.523046
vt 0.662499 0.522843
vt 0.669991 0.540354
vt 0.662365 0.540361
vt 0.670564 0.557740
vt 0.662912 0.558051
vt 0.678175 0.557382
vt 0.677655 0.540372
vt 0.661826 0.489378
vt 0.707493 0.717023
vt 0.713467 0.680290
vt 0.723996 0.639587
vt 0.918115 0.378031
vt 0.883064 0.411898
vt 0.932777 0.166222
vt 0.936302 0.198353
vt 0.933113 0.117456
vt 0.988057 0.650280
vt 0.993672 0.661074
vt 0.983818 0.640269
vt 0.022948 0.228166
vt 0.021586 0.208644
vt 0.021474 0.245400
vt 0.734722 0.594839
vt 0.741466 0.553512
vt 0.732261 0.608011
vt 0.976399 0.619501
vt 0.979637 0.629903
vt 0.974165 0.609431
vt 0.973145 0.600053
vt 0.972599 0.589527
vt 0.972612 0.579113
vt 0.974023 0.568837
vt 0.975853 0.557167
vt 0.977952 0.545950
vt 0.980707 0.535417
vt 0.983660 0.524464
vt 0.986487 0.514762
vt 0.990208 0.505455
vt 0.994579 0.495958
vt 0.999731 0.486102
vt 0.999731 0.670702
vt 0.013529 0.272980
vt 0.018089 0.260912
vt 0.007836 0.285569
vt 0.000269 0.299129
vt 0.860752 0.438502
vt 0.846553 0.459444
vt 0.892622 0.010980
vt 0.909177 0.010158
vt 0.934358 0.008862
vt 0.935845 0.066850
vt 0.869192 0.010033
vt 0.847480 0.006839
vt 0.824485 0.000269
vt 0.468677 0.396805
vt 0.476186 0.417239
vt 0.464777 0.371847
vt 0.463007 0.345838
vt 0.461462 0.315554
vt 0.461129 0.278941
vt 0.461484 0.235139
vt 0.463061 0.193857
vt 0.464838 0.154365
vt 0.466681 0.121441
vt 0.469392 0.091368
vt 0.476186 0.069765
vt 0.860362 0.476189
vt 0.876506 0.475410
vt 0.842798 0.475608
vt 0.822484 0.473949
vt 0.799113 0.469585
vt 0.749532 0.506603
vt 0.760871 0.459982
vt 0.702684 0.756262
vt 0.761270 0.879437
vt 0.718285 0.833275
vt 0.773824 0.902117
vt 0.780983 0.921005
vt 0.014609 0.182293
vt 0.007635 0.168141
vt 0.018351 0.193295
vt 0.460058 0.523430
vt 0.456115 0.533449
vt 0.452878 0.543266
vt 0.450512 0.553943
vt 0.448986 0.565102
vt 0.448096 0.576065
vt 0.447633 0.586919
vt 0.447583 0.597049
vt 0.448333 0.607208
vt 0.449527 0.617746
vt 0.451130 0.628509
vt 0.453356 0.638684
vt 0.455960 0.649040
vt 0.458828 0.659335
vt 0.462010 0.669445
vt 0.465503 0.679258
vt 0.469422 0.689096
vt 0.469422 0.504630
vt 0.464481 0.513832
vt 0.939818 0.238227
vt 0.940959 0.285942
vt 0.940959 0.347916
vt 0.653597 0.488846
vt 0.661826 0.489378
vt 0.654127 0.593488
vt 0.646589 0.593880
vt 0.661826 0.593191
vt 0.646736 0.487995
vt 0.644981 0.506075
vt 0.644226 0.523671
vt 0.643820 0.541348
vt 0.643995 0.558944
vt 0.644802 0.576649
vt 0.660034 0.575706
vt 0.659284 0.558596
vt 0.659100 0.541354
vt 0.659451 0.524155
vt 0.660224 0.506896
vt 0.680381 0.591853
vt 0.672782 0.592437
vt 0.665204 0.593321
vt 0.665225 0.487995
vt 0.672707 0.488448
vt 0.680381 0.488795
vt 0.678594 0.506154
vt 0.663365 0.505249
vt 0.662499 0.522843
vt 0.662365 0.540361
vt 0.662912 0.558051
vt 0.663851 0.575534
vt 0.679142 0.574580
vt 0.678175 0.557382
vt 0.677655 0.540372
vt 0.677798 0.523230
vn -0.3573 0.8537 -0.3788
vn -0.3463 0.7153 -0.6070
vn -0.4978 0.5754 -0.6489
vn -0.5100 0.7694 -0.3845
vn -0.4722 0.8804 -0.0432
vn -0.3120 0.9489 -0.0467
vn 0.2438 0.5899 0.7698
vn 0.2187 0.5985 0.7707
vn -0.4770 0.2870 0.8307
vn -0.4248 0.2421 0.8723
vn 0.3423 0.5277 0.7775
vn 0.2973 0.5538 0.7778
vn -0.2804 0.2019 0.9384
vn -0.5332 0.1316 0.8357
vn -0.1744 -0.1311 0.9759
vn -0.0345 -0.5317 0.8462
vn -0.6748 -0.3662 0.6407
vn -0.3089 0.3855 0.8695
vn -0.2830 0.1870 0.9407
vn -0.9493 -0.0342 0.3126
vn -0.8136 0.2161 0.5398
vn -0.4454 0.5248 0.7254
vn -0.1970 0.5429 0.8164
vn -0.4433 0.4726 0.7617
vn 0.1990 0.7376 0.6452
vn -0.3775 0.6852 0.6229
vn -0.3035 0.6256 0.7187
vn -0.1298 0.8045 0.5796
vn -0.6613 0.5260 0.5348
vn -0.3708 0.7623 0.5305
vn -0.5350 0.3152 0.7838
vn 0.1481 0.1470 0.9780
vn 0.3115 0.2642 0.9128
vn -0.3755 0.5308 0.7597
vn -0.6202 0.0624 0.7820
vn 0.0880 -0.0312 0.9956
vn -0.6197 0.3345 0.7100
vn -0.7412 0.2489 -0.6235
vn -0.8658 -0.3488 -0.3589
vn -0.9600 -0.2126 -0.1821
vn -0.8012 0.4670 -0.3740
vn -0.7592 0.5737 -0.3072
vn -0.7389 0.3894 -0.5498
vn -0.5186 -0.0524 -0.8534
vn -0.4973 -0.1080 -0.8608
vn -0.6793 -0.5054 -0.5321
vn 0.4824 -0.2402 0.8424
vn 0.3153 0.1080 0.9428
vn 0.3595 0.3299 0.8729
vn 0.6161 0.2009 0.7616
vn 0.9110 -0.0110 0.4123
vn 0.9642 -0.1873 0.1879
vn 0.5436 -0.6743 0.4998
vn -0.1122 -0.3483 0.9306
vn 0.1753 0.0288 0.9841
vn -0.2990 -0.6977 0.6510
vn -0.0125 -0.9128 -0.4082
vn -0.5588 -0.7967 -0.2302
vn -0.4298 -0.9020 0.0415
vn 0.6027 -0.7383 -0.3026
vn 0.1592 -0.5017 -0.8503
vn -0.3769 -0.5360 -0.7554
vn 0.5880 -0.4771 -0.6531
vn 0.0455 0.4449 -0.8944
vn 0.0282 0.9265 -0.3753
vn 0.0431 0.9608 -0.2738
vn 0.1779 0.5539 -0.8133
vn 0.0007 0.3301 -0.9440
vn -0.0554 0.4557 -0.8884
vn -0.0488 0.4530 -0.8902
vn 0.0492 0.9293 -0.3660
vn 0.1452 0.4120 -0.8995
vn 0.1009 0.2743 -0.9563
vn 0.0746 0.1093 -0.9912
vn -0.0063 0.1488 -0.9888
vn 0.8079 0.0999 0.5808
vn 0.7477 -0.1132 0.6543
vn 0.9205 -0.0676 0.3850
vn 0.9399 0.0514 0.3374
vn 0.0176 -0.0175 0.9997
vn -0.0857 -0.1117 0.9900
vn 0.6199 0.3581 0.6982
vn -0.0150 0.1263 0.9919
vn -0.1019 0.5539 0.8263
vn -0.2709 0.6034 0.7501
vn -0.3463 0.5546 0.7566
vn -0.0838 0.5294 0.8442
vn -0.3007 0.5397 0.7863
vn -0.3040 0.5125 0.8031
vn -0.1762 -0.6318 -0.7548
vn 0.4479 -0.6227 -0.6416
vn -0.0095 -0.2710 -0.9625
vn -0.1746 -0.2252 -0.9585
vn -0.0739 -0.9556 -0.2851
vn 0.6631 -0.7200 -0.2046
vn -0.6261 -0.4422 -0.6422
vn -0.7957 -0.5107 -0.3256
vn -0.2687 -0.0700 -0.9607
vn -0.3060 -0.2614 -0.9154
vn -0.0995 0.0909 -0.9909
vn -0.1063 -0.0619 -0.9924
vn -0.1160 -0.2285 -0.9666
vn -0.3637 -0.3190 -0.8752
vn -0.1151 -0.3190 -0.9408
vn -0.3522 -0.3403 -0.8719
vn -0.6310 -0.3383 -0.6982
vn -0.3499 -0.2534 -0.9019
vn -0.6240 -0.2694 -0.7335
vn -0.8432 -0.2602 -0.4704
vn -0.8497 -0.3091 -0.4272
vn -0.9507 -0.2165 -0.2221
vn -0.9559 -0.2357 -0.1751
vn -0.8775 -0.4666 -0.1108
vn -0.0897 -0.9957 -0.0250
vn -0.9861 -0.1655 -0.0139
vn -0.8791 -0.4713 0.0713
vn 0.0068 -0.9676 0.2524
vn -0.8287 -0.4884 0.2735
vn 0.0388 -0.8353 0.5485
vn 0.5941 -0.5803 0.5571
vn 0.7226 -0.6539 0.2242
vn 0.7180 -0.6961 0.0064
vn 0.8013 -0.5432 0.2509
vn 0.8225 -0.5687 -0.0010
vn 0.7615 -0.5897 -0.2691
vn 0.4707 -0.5272 -0.7075
vn 0.8008 -0.5972 0.0456
vn 0.7102 -0.6129 -0.3464
vn 0.4004 -0.4979 -0.7693
vn 0.0891 -0.2846 -0.9545
vn 0.0303 -0.2862 -0.9577
vn 0.6413 -0.6666 -0.3799
vn 0.3626 -0.5010 -0.7859
vn 0.1039 -0.2984 -0.9488
vn -0.0155 -0.1747 -0.9845
vn -0.0644 -0.1208 -0.9906
vn 0.3400 -0.5253 -0.7801
vn 0.1315 -0.3331 -0.9337
vn 0.1319 -0.2453 -0.9604
vn 0.0836 -0.1257 -0.9885
vn -0.0526 -0.0686 -0.9963
vn 0.2910 -0.3717 -0.8816
vn 0.2598 -0.2842 -0.9229
vn 0.0656 -0.1402 -0.9880
vn -0.3813 0.1983 -0.9029
vn -0.3045 0.1938 -0.9326
vn 0.1753 -0.3071 -0.9354
vn -0.0771 -0.1570 -0.9846
vn -0.4161 0.1558 -0.8959
vn -0.6854 0.5292 -0.5002
vn -0.7202 0.5388 -0.4370
vn -0.2854 -0.3073 -0.9078
vn -0.0977 -0.4313 -0.8969
vn -0.1550 -0.4417 -0.8837
vn -0.2908 -0.3038 -0.9073
vn -0.4865 -0.6911 -0.5345
vn -0.5487 -0.6024 -0.5797
vn 0.0669 -0.6466 -0.7599
vn -0.3877 -0.8054 -0.4483
vn 0.3271 -0.8292 -0.4533
vn -0.2216 -0.9430 -0.2483
vn 0.4563 -0.8802 -0.1305
vn -0.1821 -0.9833 -0.0024
vn 0.4802 -0.8574 0.1852
vn -0.1062 -0.9748 0.1960
vn 0.4184 -0.7506 0.5114
vn -0.1999 -0.9063 0.3723
vn 0.2939 -0.5786 0.7608
vn -0.2514 -0.8071 0.5343
vn 0.1122 -0.3407 0.9335
vn -0.3110 -0.6391 0.7034
vn -0.0732 -0.1091 0.9913
vn -0.4339 -0.4937 0.7537
vn -0.2576 0.1015 0.9609
vn -0.5653 -0.3808 0.7317
vn -0.4884 0.3309 0.8075
vn -0.7479 -0.1984 0.6335
vn -0.7097 0.4897 0.5065
vn -0.9115 -0.1408 0.3863
vn -0.8244 0.5490 0.1376
vn -0.9755 -0.1244 0.1816
vn -0.8251 0.5350 -0.1815
vn -0.9889 -0.1469 -0.0218
vn -0.7656 0.6421 0.0391
vn -0.7522 0.6151 -0.2363
vn -0.6701 0.7395 -0.0642
vn -0.6789 0.7027 -0.2127
vn -0.7065 0.6662 -0.2390
vn -0.7107 0.6940 -0.1155
vn -0.7435 0.6578 -0.1206
vn -0.7774 0.6290 -0.0065
vn -0.7951 0.6060 -0.0218
vn -0.7251 0.5211 -0.4501
vn -0.8083 0.5871 -0.0450
vn -0.6770 0.5001 -0.5399
vn -0.2683 0.1678 -0.9486
vn -0.6166 0.4822 -0.6223
vn -0.3091 0.1787 -0.9341
vn -0.1569 -0.0007 -0.9876
vn -0.3609 0.2435 -0.9002
vn -0.2318 0.0546 -0.9712
vn -0.1794 -0.0767 -0.9808
vn -0.3387 0.1539 -0.9282
vn -0.2824 0.0139 -0.9592
vn -0.4214 0.2239 -0.8788
vn -0.3454 0.0913 -0.9340
vn -0.3942 0.2665 -0.8795
vn -0.3260 0.1417 -0.9347
vn -0.2102 0.3786 -0.9014
vn -0.1224 0.2447 -0.9619
vn -0.2947 0.5438 -0.7858
vn -0.1894 0.5969 -0.7796
vn -0.4517 0.3988 -0.7981
vn -0.4916 0.3337 -0.8044
vn -0.5952 0.4786 -0.6455
vn -0.6864 0.6195 -0.3809
vn -0.4303 0.3102 -0.8477
vn -0.5949 0.4742 -0.6490
vn -0.7271 0.5713 -0.3807
vn -0.7858 0.6136 -0.0777
vn -0.7112 0.7012 -0.0491
vn -0.5835 0.4888 -0.6486
vn -0.7314 0.6078 -0.3092
vn -0.7828 0.6198 -0.0549
vn -0.7599 0.6173 0.2037
vn -0.7471 0.6077 0.2693
vn -0.7749 0.6076 -0.1744
vn -0.8030 0.5958 0.0171
vn -0.7900 0.5994 0.1287
vn -0.6729 0.6021 0.4298
vn -0.6203 0.5731 0.5355
vn -0.8129 0.5800 0.0531
vn -0.8013 0.5976 0.0277
vn -0.7077 0.6243 0.3307
vn -0.3843 0.4717 0.7936
vn -0.3699 0.4486 0.8136
vn -0.7601 0.6467 -0.0632
vn -0.6975 0.6630 0.2720
vn -0.4067 0.4997 0.7648
vn -0.0578 0.2402 0.9690
vn -0.0278 0.2187 0.9754
vn -0.6467 0.6997 0.3037
vn -0.4030 0.4963 0.7689
vn -0.1180 0.2703 0.9555
vn 0.1575 0.0689 0.9851
vn 0.1974 0.0214 0.9801
vn -0.3720 0.4935 0.7862
vn -0.1712 0.3370 0.9258
vn 0.0942 0.1213 0.9881
vn 0.3614 -0.1539 0.9196
vn 0.3841 -0.1405 0.9125
vn -0.2754 0.2321 0.9329
vn -0.0648 -0.0240 0.9976
vn 0.1755 -0.2931 0.9398
vn 0.3797 -0.5261 0.7609
vn 0.5543 -0.4026 0.7284
vn 0.6770 -0.6039 0.4208
vn 0.6987 -0.5946 0.3978
vn 0.5790 -0.3881 0.7170
vn 0.5241 -0.7149 0.4629
vn 0.5665 -0.8151 0.1210
vn 0.6999 -0.7097 0.0804
vn 0.6410 -0.7116 -0.2877
vn 0.6216 -0.6966 -0.3583
vn 0.7161 -0.6958 0.0559
vn 0.5313 -0.8251 -0.1921
vn 0.4080 -0.7561 -0.5117
vn 0.5073 -0.5795 -0.6378
vn 0.3755 -0.4311 -0.8205
vn 0.4013 -0.5351 -0.7434
vn 0.1716 -0.6083 -0.7750
vn 0.6193 -0.6856 -0.3825
vn 0.7516 -0.6560 0.0691
vn 0.7375 -0.6737 0.0457
vn 0.7386 -0.5671 0.3645
vn 0.7284 -0.5761 0.3709
vn 0.6272 -0.4150 0.6591
vn 0.6010 -0.3926 0.6962
vn 0.3983 -0.1761 0.9002
vn 0.3881 -0.1622 0.9072
vn 0.2005 0.0211 0.9795
vn 0.3948 -0.1874 0.8994
vn 0.1852 0.0029 0.9827
vn -0.0341 0.1914 0.9809
vn 0.1443 -0.0243 0.9892
vn -0.0732 0.1909 0.9789
vn -0.3620 0.4248 0.8298
vn -0.1845 0.1660 0.9687
vn -0.3918 0.3698 0.8424
vn -0.5971 0.5238 0.6075
vn -0.3923 0.3992 0.8287
vn -0.5304 0.5704 0.6271
vn -0.6556 0.6873 0.3128
vn -0.3288 0.7362 0.5915
vn -0.4078 0.8656 0.2906
vn -0.1753 0.8301 0.5293
vn -0.2450 0.9316 0.2685
vn -0.4111 0.8592 0.3046
vn -0.4411 0.8969 -0.0329
vn -0.7442 0.6180 0.2535
vn -0.7086 0.6949 -0.1223
vn -0.5788 0.6895 -0.4353
vn -0.4170 0.8440 -0.3372
vn -0.3909 0.6346 -0.6667
vn -0.3234 0.7394 -0.5905
vn -0.1909 0.5428 -0.8179
vn -0.0408 0.9743 -0.2215
vn 0.0359 0.9404 -0.3383
vn -0.1758 0.9791 -0.1024
vn -0.3065 0.9486 0.0792
vn -0.3530 0.8688 0.3471
vn -0.2134 0.6956 0.6860
vn -0.2533 0.5628 0.7868
vn -0.4103 0.5828 0.7014
vn -0.5296 0.4279 0.7324
vn -0.5900 0.4059 0.6980
vn -0.8198 0.1858 0.5416
vn -0.9639 0.0253 0.2651
vn -0.9640 -0.0248 0.2648
vn -0.8032 0.0049 0.5957
vn -0.9422 -0.1586 0.2952
vn -0.7861 -0.1402 0.6019
vn -0.6347 -0.0978 0.7666
vn -0.4876 -0.8059 0.3358
vn -0.4553 -0.7846 0.4208
vn 0.0602 -0.6598 0.7491
vn 0.1080 -0.0831 0.9907
vn -0.5856 -0.7932 0.1671
vn -0.9759 -0.1604 0.1477
vn -0.4643 -0.8763 0.1287
vn -0.9756 -0.2091 -0.0675
vn -0.5317 -0.8428 0.0833
vn -0.9040 -0.2870 -0.3170
vn -0.5157 -0.8555 -0.0453
vn -0.8301 -0.3793 -0.4087
vn -0.4296 -0.9025 0.0305
vn -0.6419 -0.4825 -0.5960
vn -0.3063 -0.9518 -0.0124
vn -0.3371 -0.5441 -0.7683
vn -0.1141 -0.9874 -0.1101
vn -0.1228 -0.5686 -0.8134
vn -0.0121 -0.9979 -0.0632
vn 0.0339 -0.5781 -0.8153
vn 0.0134 -0.9983 -0.0571
vn 0.1655 -0.5430 -0.8233
vn 0.0239 -0.9898 -0.1407
vn 0.3903 -0.5164 -0.7623
vn 0.1630 -0.9721 -0.1686
vn 0.7132 -0.4345 -0.5500
vn 0.3770 -0.9251 -0.0463
vn 0.8431 -0.3375 -0.4187
vn 0.4761 -0.8739 -0.0985
vn 0.9155 -0.2686 -0.2994
vn 0.4973 -0.8569 -0.1359
vn 0.9812 -0.1851 0.0545
vn 0.5815 -0.8120 0.0505
vn 0.9537 -0.1481 0.2617
vn 0.5529 -0.8140 0.1779
vn 0.8817 -0.1930 0.4306
vn 0.4915 -0.8314 0.2593
vn 0.6836 -0.2257 0.6940
vn 0.3587 -0.8658 0.3490
vn -0.1634 -0.1611 0.9733
vn -0.1777 -0.7135 0.6778
vn 0.9751 -0.0533 0.2154
vn 0.9845 -0.0159 0.1749
vn 0.9959 -0.0790 0.0441
vn 0.9976 -0.0651 0.0217
vn 0.9845 -0.1724 0.0313
vn 0.9472 -0.1884 -0.2593
vn 0.9669 -0.1664 -0.1934
vn 0.9712 -0.1995 -0.1304
vn 0.6637 -0.7475 0.0266
vn 0.6508 -0.7256 0.2235
vn 0.8763 -0.2602 -0.4054
vn 0.8903 -0.2844 -0.3556
vn 0.6813 -0.2908 -0.6718
vn 0.6717 -0.3494 -0.6532
vn 0.3844 -0.2768 -0.8807
vn 0.3628 -0.3541 -0.8619
vn 0.3518 -0.3264 -0.8773
vn 0.2834 -0.2257 -0.9321
vn 0.1170 -0.3288 -0.9371
vn 0.1017 -0.2361 -0.9664
vn 0.0814 -0.0527 -0.9953
vn 0.2633 -0.0072 -0.9647
vn -0.0065 -0.1992 -0.9799
vn -0.0082 -0.0095 -0.9999
vn 0.0002 -0.3046 -0.9525
vn 0.1472 -0.2435 -0.9587
vn 0.0076 -0.2192 -0.9757
vn -0.1241 -0.2317 -0.9648
vn 0.0214 -0.3136 -0.9493
vn -0.1360 -0.3046 -0.9427
vn -0.3636 -0.3027 -0.8810
vn -0.6502 -0.3024 -0.6970
vn -0.8544 -0.2787 -0.4386
vn -0.9398 -0.2125 -0.2676
vn -0.9913 -0.1082 -0.0751
vn -0.9881 -0.1505 -0.0303
vn -0.9927 -0.0432 0.1127
vn -0.9894 -0.0857 0.1171
vn -0.9846 -0.1415 0.1024
vn 0.1788 -0.3137 -0.9325
vn 0.4135 -0.3204 -0.8523
vn 0.7186 -0.3026 -0.6261
vn 0.8720 -0.2671 -0.4102
vn 0.3157 0.1771 -0.9322
vn 0.3730 0.1425 -0.9168
vn 0.2422 -0.0840 -0.9666
vn 0.2933 0.1371 -0.9461
vn 0.0802 -0.0968 -0.9921
vn 0.2164 0.0668 -0.9740
vn 0.0380 -0.1362 -0.9899
vn -0.4289 -0.4836 -0.7630
vn -0.0286 -0.2039 -0.9786
vn -0.4012 -0.4852 -0.7769
vn -0.7407 -0.6226 -0.2525
vn -0.7653 -0.6179 -0.1806
vn -0.8054 -0.5827 0.1083
vn -0.8067 -0.5802 0.1126
vn -0.7988 -0.5552 0.2318
vn -0.7929 -0.5702 0.2151
vn -0.3781 -0.9023 0.2072
vn -0.7398 -0.5573 0.3770
vn -0.3623 -0.8542 0.3730
vn -0.5825 -0.4629 0.6681
vn -0.7613 -0.5085 0.4024
vn -0.6260 -0.3816 0.6801
vn -0.3580 -0.1476 0.9220
vn -0.2907 -0.2120 0.9330
vn -0.0223 0.1149 0.9931
vn 0.0387 0.0770 0.9963
vn 0.3091 0.3436 0.8868
vn 0.3335 0.3042 0.8923
vn 0.4031 0.2756 0.8727
vn 0.5579 0.4525 0.6957
vn 0.5846 0.4366 0.6838
vn 0.4947 0.5640 0.6612
vn 0.3796 0.3784 0.8442
vn 0.2521 0.7519 0.6091
vn 0.2489 0.5465 0.7996
vn 0.1922 0.8014 0.5664
vn 0.1874 0.6520 0.7347
vn 0.2782 0.5410 0.7937
vn 0.4483 0.4726 0.7587
vn 0.3418 0.6112 0.7139
vn 0.2445 0.5913 0.7685
vn 0.2427 0.5761 0.7805
vn 0.5892 0.4138 0.6939
vn 0.3225 0.5354 0.7806
vn 0.2409 0.5661 0.7883
vn -0.5258 0.3475 0.7764
vn -0.3833 0.6821 0.6227
vn 0.4460 0.6862 0.5747
vn 0.0043 0.8477 0.5304
vn 0.5603 0.7684 0.3092
vn 0.1164 0.9028 0.4139
vn 0.5759 0.8169 -0.0321
vn 0.1565 0.9574 0.2425
vn 0.5002 0.7900 -0.3546
vn 0.1415 0.9886 0.0521
vn 0.3486 0.6937 -0.6303
vn 0.0856 0.9895 -0.1167
vn 0.3799 0.8642 -0.3299
vn 0.3390 0.7207 -0.6047
vn 0.2506 0.5285 -0.8111
vn 0.4576 0.6497 -0.6071
vn 0.4206 0.4232 -0.8025
vn 0.3655 0.2824 -0.8869
vn 0.5035 0.3464 -0.7915
vn 0.4277 0.2253 -0.8754
vn 0.4756 0.3400 -0.8113
vn 0.3602 0.2358 -0.9026
vn 0.4537 0.3403 -0.8236
vn 0.3086 0.2004 -0.9298
vn 0.4591 0.3349 -0.8228
vn 0.2652 0.1519 -0.9522
vn 0.1312 -0.0136 -0.9913
vn 0.2389 0.1241 -0.9631
vn 0.0537 -0.0781 -0.9955
vn -0.1013 -0.2607 -0.9601
vn 0.0131 -0.1195 -0.9927
vn -0.1536 -0.3003 -0.9414
vn -0.3488 -0.4872 -0.8006
vn -0.3616 -0.4821 -0.7980
vn -0.6254 -0.6720 -0.3966
vn -0.6764 -0.6516 -0.3432
vn -0.7437 -0.6651 0.0680
vn -0.7719 -0.6274 0.1027
vn -0.7514 -0.5992 0.2763
vn -0.7605 -0.5908 0.2695
vn -0.7189 -0.5279 0.4522
vn -0.7223 -0.5474 0.4225
vn -0.6043 -0.3953 0.6918
vn -0.6131 -0.4106 0.6749
vn -0.3640 -0.1450 0.9200
vn -0.3606 -0.1510 0.9204
vn -0.0419 0.1473 0.9882
vn -0.0350 0.1269 0.9913
vn 0.3176 0.3950 0.8620
vn 0.2895 0.3683 0.8835
vn 0.5237 0.5141 0.6793
vn 0.5268 0.5164 0.6751
vn 0.5386 0.4865 0.6879
vn 0.6697 0.5909 0.4497
vn 0.6874 0.5752 0.4434
vn 0.7126 0.5579 0.4254
vn 0.7835 0.6190 0.0542
vn 0.7922 0.6088 0.0423
vn 0.7997 0.5994 0.0351
vn 0.7325 0.5507 0.4003
vn 0.6721 0.7404 0.0117
vn 0.6132 0.6991 0.3677
vn 0.4084 0.9124 -0.0267
vn 0.3282 0.8902 0.3159
vn 0.3590 0.9331 -0.0205
vn 0.2738 0.9092 0.3138
vn 0.4494 0.8279 -0.3357
vn 0.6617 0.6745 -0.3274
vn 0.5969 0.5215 -0.6097
vn 0.7565 0.5611 -0.3359
vn 0.6281 0.4593 -0.6281
vn 0.7516 0.5662 -0.3384
vn 0.6243 0.4705 -0.6236
vn 0.7526 0.5719 -0.3263
vn 0.6395 0.4795 -0.6009
vn 0.7597 0.5577 -0.3344
vn 0.6744 0.4737 -0.5663
vn 0.4991 0.3480 -0.7936
vn 0.7173 0.5020 -0.4832
vn 0.5541 0.3880 -0.7365
vn 0.2496 0.1140 -0.9616
vn 0.5818 0.4489 -0.6782
vn 0.2966 0.1267 -0.9466
vn 0.0278 -0.1424 -0.9894
vn 0.3521 0.1263 -0.9274
vn 0.0925 -0.1446 -0.9852
vn -0.1610 -0.3785 -0.9115
vn -0.1714 -0.3431 -0.9235
vn -0.3778 -0.5826 -0.7196
vn -0.3558 -0.5272 -0.7716
vn -0.5740 -0.7211 -0.3880
vn -0.5954 -0.6937 -0.4053
vn -0.6950 -0.7185 -0.0266
vn -0.7211 -0.6925 0.0216
vn -0.7183 -0.6299 0.2954
vn -0.7327 -0.6232 0.2734
vn -0.6365 -0.5250 0.5650
vn -0.6898 -0.5337 0.4893
vn -0.5293 -0.4321 0.7302
vn -0.5858 -0.3826 0.7144
vn -0.3217 -0.1739 0.9307
vn -0.3578 -0.1254 0.9253
vn 0.0524 0.2262 0.9727
vn 0.0087 0.1870 0.9823
vn 0.2500 0.4360 0.8645
vn 0.3354 0.4292 0.8386
vn 0.2818 0.5249 0.8032
vn 0.4178 0.5309 0.7372
vn 0.5315 0.7036 0.4716
vn 0.5545 0.6544 0.5142
vn 0.6396 0.5982 0.4828
vn 0.7382 0.6736 -0.0368
vn 0.7828 0.6215 0.0313
vn 0.7766 0.6268 0.0636
vn 0.7761 0.5288 -0.3436
vn 0.7348 0.5982 -0.3197
vn 0.7029 0.5957 -0.3886
vn 0.6992 0.6625 -0.2687
vn 0.6800 0.6482 -0.3428
vn 0.5893 0.4575 -0.6659
vn 0.6702 0.6618 -0.3358
vn 0.5796 0.4249 -0.6953
vn 0.3857 0.1212 -0.9146
vn 0.7047 0.2238 -0.6733
vn 0.5469 -0.0466 -0.8359
vn 0.3607 -0.2888 -0.8868
vn 0.1588 -0.1277 -0.9790
vn 0.0770 -0.5782 -0.8123
vn -0.1343 -0.4053 -0.9043
vn -0.1970 -0.7890 -0.5819
vn -0.3952 -0.6305 -0.6681
vn -0.3878 -0.8709 -0.3019
vn -0.5667 -0.7414 -0.3595
vn -0.4757 -0.8793 -0.0251
vn -0.6631 -0.7453 -0.0694
vn -0.4992 -0.8009 0.3308
vn -0.7078 -0.6401 0.2990
vn -0.4191 -0.5715 0.7055
vn -0.6106 -0.4369 0.6605
vn -0.2952 -0.3589 0.8854
vn -0.4728 -0.3548 0.8066
vn -0.2039 -0.2857 0.9364
vn -0.3145 -0.2219 0.9230
vn 0.0116 -0.0314 0.9994
vn -0.0214 0.1766 0.9841
vn 0.2431 0.2748 0.9303
vn 0.1449 0.4188 0.8965
vn 0.4591 0.4446 0.7691
vn 0.2686 0.5301 0.8043
vn 0.7275 0.6015 0.3299
vn 0.5990 0.7107 0.3690
vn 0.7775 0.6288 -0.0108
vn 0.7180 0.6904 -0.0883
vn 0.7065 0.7022 -0.0887
vn 0.6958 0.6956 -0.1786
vn 0.7731 0.6269 -0.0963
vn 0.7897 0.5090 -0.3425
vn 0.8396 0.5248 -0.1401
vn 0.8398 0.3716 -0.3958
vn 0.7288 0.1259 -0.6731
vn 0.9505 -0.2265 -0.2127
vn 0.8547 -0.3199 -0.4090
vn 0.7271 -0.4716 -0.4989
vn 0.5539 -0.1123 -0.8250
vn 0.6123 -0.6011 -0.5137
vn 0.3820 -0.3535 -0.8539
vn 0.4576 -0.7440 -0.4870
vn 0.1194 -0.5948 -0.7949
vn 0.2515 -0.8909 -0.3781
vn -0.1459 -0.7994 -0.5828
vn 0.1808 -0.9737 -0.1386
vn -0.3334 -0.8924 -0.3041
vn 0.0744 -0.9923 0.0986
vn -0.4238 -0.9054 0.0267
vn 0.1220 -0.9345 0.3344
vn -0.4179 -0.8288 0.3721
vn 0.1449 -0.8706 0.4703
vn -0.3615 -0.6832 0.6345
vn 0.1848 -0.7695 0.6114
vn -0.2620 -0.4597 0.8485
vn 0.3066 -0.6314 0.7123
vn -0.1545 -0.2822 0.9468
vn 0.4305 -0.4919 0.7568
vn 0.0263 -0.0986 0.9948
vn 0.6154 -0.2850 0.7348
vn 0.3139 0.1772 0.9328
vn 0.8243 -0.1511 0.5455
vn 0.5749 0.3890 0.7198
vn 0.9369 -0.0988 0.3352
vn 0.7607 0.5337 0.3695
vn 0.9908 -0.0726 0.1140
vn 0.8147 0.5766 0.0622
vn 0.9861 -0.1531 -0.0641
vn 0.8087 0.2115 0.5488
vn 0.0165 -0.0776 0.9968
vn 0.2881 -0.3583 0.8880
vn 0.3695 -0.2284 0.9007
vn 0.6549 -0.4464 0.6098
vn 0.6360 -0.4311 0.6400
vn 0.7628 -0.5566 0.3293
vn -0.4429 0.4026 0.8011
vn -0.5911 0.6949 0.4096
vn -0.6521 0.5671 0.5031
vn -0.6963 0.7112 -0.0964
vn 0.3362 0.3293 0.8824
vn 0.2126 0.3674 0.9054
vn 0.2646 0.5246 0.8092
vn -0.9501 0.3079 -0.0497
vn -0.7797 0.0778 0.6213
vn -0.3585 0.7902 0.4971
vn -0.5236 0.8513 -0.0337
vn -0.1874 -0.1943 0.9629
vn -0.0253 0.4261 0.9043
vn -0.5294 -0.8472 -0.0442
vn -0.9208 -0.2086 0.3295
vn -0.9199 0.0024 -0.3921
vn -0.5899 -0.5805 -0.5613
vn -0.8684 -0.1366 0.4768
vn -0.9637 0.0654 -0.2590
vn -0.7986 -0.1423 0.5848
vn -0.9892 0.0734 -0.1272
vn -0.7568 -0.0873 0.6477
vn -0.9898 0.1403 -0.0233
vn -0.1247 -0.2621 0.9570
vn -0.1564 -0.2723 0.9494
vn -0.2675 -0.2571 0.9286
vn -0.4083 -0.3035 0.8609
vn 0.7857 -0.3029 0.5393
vn 0.1652 -0.3693 0.9145
vn 0.0061 -0.8632 0.5049
vn 0.4159 -0.9052 0.0872
vn 0.9894 -0.0750 -0.1240
vn 0.6755 -0.6330 -0.3782
vn 0.7786 -0.0229 0.6271
vn 0.9696 0.2426 -0.0315
vn 0.5922 0.8053 0.0284
vn 0.4260 0.7132 0.5567
vn 0.0654 0.3455 0.9362
vn 0.1542 -0.2757 0.9488
vn 0.0731 -0.3153 0.9462
vn 0.7300 -0.1574 0.6651
vn 0.9957 0.0929 0.0057
vn 0.7430 -0.2062 0.6367
vn 0.9986 0.0267 -0.0454
vn 0.7727 -0.2127 0.5981
vn 0.9963 0.0037 -0.0856
vn 0.1223 -0.3078 0.9435
vn 0.0704 -0.3172 0.9457
vn -0.2478 -0.8318 0.4967
vn -0.8864 -0.1909 0.4218
vn -0.8461 -0.2412 0.4753
vn -0.7939 -0.2365 0.5602
vn 0.7267 0.6500 0.2223
vn 0.6084 0.7623 0.2209
vn 0.8086 -0.1581 0.5667
vn 0.8048 -0.2052 0.5569
vn 0.7989 -0.0474 0.5997
vn -0.5736 -0.7801 0.2498
vn -0.5498 -0.8123 0.1948
vn -0.6066 -0.7531 0.2546
vn -0.0055 0.8878 0.4602
vn -0.1691 0.8413 0.5134
vn 0.1459 0.8876 0.4369
vn -0.7399 -0.0523 0.6707
vn -0.7671 -0.0052 0.6415
vn -0.7523 -0.1438 0.6429
vn -0.7144 -0.6537 0.2498
vn -0.6526 -0.7176 0.2431
vn -0.7785 -0.5833 0.2318
vn -0.8222 -0.5393 0.1822
vn -0.8349 -0.5350 0.1291
vn -0.8281 -0.5594 0.0358
vn -0.8055 -0.5919 -0.0303
vn -0.7841 -0.6202 -0.0237
vn -0.7447 -0.6673 -0.0101
vn -0.7089 -0.7053 0.0058
vn -0.6957 -0.7184 0.0018
vn -0.6480 -0.7616 0.0062
vn -0.5933 -0.8040 0.0389
vn -0.5673 -0.8196 0.0798
vn -0.5512 -0.8245 0.1279
vn 0.3808 0.8161 0.4348
vn 0.2830 0.8532 0.4380
vn 0.4300 0.8054 0.4079
vn 0.4593 0.8092 0.3663
vn 0.5048 0.8054 0.3107
vn 0.1014 -0.9801 -0.1707
vn 0.0227 -0.9867 -0.1610
vn 0.5377 -0.7646 0.3553
vn 0.7712 -0.0345 0.6357
vn 0.2040 -0.9731 -0.1070
vn 0.2740 -0.9615 0.0199
vn 0.2937 -0.9428 0.1576
vn 0.2542 -0.9086 0.3315
vn 0.2206 -0.8452 0.4869
vn 0.2241 -0.7906 0.5698
vn 0.1750 -0.7535 0.6337
vn 0.0812 -0.7331 0.6753
vn -0.0122 -0.7426 0.6696
vn -0.1028 -0.7728 0.6263
vn -0.1643 -0.8033 0.5725
vn -0.1835 -0.8397 0.5110
vn -0.2120 -0.9041 0.3709
vn -0.2574 -0.9523 0.1642
vn -0.2455 -0.9691 0.0262
vn -0.2187 -0.9745 -0.0495
vn -0.2055 -0.9687 -0.1390
vn -0.1689 -0.9634 -0.2081
vn -0.7905 -0.0055 0.6125
vn -0.6608 -0.7023 0.2648
vn -0.9321 0.0001 0.3622
vn -0.7284 0.6683 0.1513
vn -0.8815 0.4332 0.1880
vn -0.6781 0.6578 0.3278
vn -0.5888 0.6667 0.4570
vn -0.4590 0.7027 0.5437
vn -0.3154 0.7698 0.5549
vn 0.5709 -0.7958 0.2020
vn 0.5898 -0.7687 0.2474
vn 0.6392 -0.7149 0.2833
vn 0.7010 -0.6508 0.2916
vn 0.7467 -0.6099 0.2654
vn 0.7760 -0.5893 0.2250
vn 0.7949 -0.5766 0.1891
vn 0.8056 -0.5773 0.1330
vn 0.8001 -0.5948 0.0780
vn 0.7828 -0.6199 0.0538
vn 0.7527 -0.6577 0.0292
vn 0.7194 -0.6944 0.0174
vn 0.6981 -0.7157 0.0212
vn 0.6740 -0.7383 0.0228
vn 0.6442 -0.7642 0.0304
vn 0.6163 -0.7860 0.0493
vn 0.5906 -0.8020 0.0889
vn 0.5725 -0.8066 0.1468
vn 0.8128 -0.1216 0.5698
vn 0.7941 -0.0147 0.6076
vn 0.8213 0.3151 0.4756
vn 0.1915 -0.9307 -0.3115
vn 0.3721 -0.8349 0.4055
vn 0.3012 0.9441 0.1344
vn -0.1615 0.8742 -0.4578
vn 0.5760 0.4624 0.6741
vn -0.0955 -0.4980 -0.8619
vn -0.3846 0.2406 -0.8912
vn -0.4901 0.2579 -0.8327
vn -0.5891 0.2693 -0.7619
vn -0.6230 0.2964 -0.7239
vn -0.5762 0.3350 -0.7455
vn 0.5573 -0.3278 0.7629
vn 0.6042 -0.2969 0.7395
vn 0.5826 -0.2716 0.7661
vn 0.4984 -0.2579 0.8277
vn 0.3965 -0.2420 0.8856
vn -0.5493 -0.7915 0.2678
vn -0.1975 -0.9039 -0.3794
vn 0.2903 -0.5014 -0.8151
vn 0.2352 0.8908 -0.3889
vn -0.2192 0.9520 0.2139
vn -0.5325 0.4577 0.7120
vn -0.5905 -0.3352 0.7341
vn 0.6048 0.3427 -0.7189
vn 0.6640 0.2933 -0.6878
vn 0.6709 0.2535 -0.6969
vn 0.6470 0.2299 -0.7270
vn 0.6219 0.2153 -0.7529
vn -0.6025 -0.2238 0.7661
vn -0.6272 -0.2345 0.7427
vn -0.6556 -0.2577 0.7098
vn -0.6491 -0.2951 0.7011
usemtl Material.001
s 1
f 1/1/1 14/2/2 15/3/3 16/4/4
f 1/1/1 16/4/4 17/5/5 18/6/6
f 2/7/7 19/8/8 20/9/9 21/10/10
f 2/7/7 22/11/11 23/12/12 19/8/8
f 2/7/7 21/10/10 24/13/13 22/11/11
f 3/14/14 25/15/15 26/16/16 27/17/17
f 3/14/14 28/18/18 29/19/19 25/15/15
f 3/14/14 27/17/17 30/20/20 31/21/21
f 4/22/22 32/23/23 33/24/24 34/25/25
f 4/22/22 35/26/26 36/27/27 32/23/23
f 4/22/22 34/25/25 37/28/28 38/29/29
f 4/22/22 38/29/29 39/30/30 35/26/26
f 5/31/31 40/32/32 41/33/33 42/34/34
f 44/35/35 45/36/36 40/32/32 5/31/31
f 5/31/31 42/34/34 43/37/37 44/35/35
f 6/38/38 46/39/39 47/40/40 48/41/41
f 6/42/38 48/43/41 49/44/42 50/45/43
f 6/42/38 50/45/43 51/46/44 52/47/45
f 6/38/38 52/48/45 53/49/46 46/39/39
f 7/50/47 54/51/48 55/52/49 56/53/50
f 7/50/47 57/54/51 58/55/52 59/56/53
f 7/57/47 60/58/54 61/59/55 54/60/48
f 7/57/47 59/61/53 62/62/56 60/58/54
f 8/63/57 63/64/58 64/65/59 65/66/60
f 67/67/61 68/68/62 63/64/58 8/63/57
f 8/69/57 65/70/60 66/71/63 67/72/61
f 9/73/64 69/74/65 70/75/66 71/76/67
f 9/73/64 10/77/68 72/78/69 73/79/70
f 9/73/64 73/79/70 74/80/71 69/74/65
f 10/77/68 9/73/64 75/81/72 76/82/73
f 10/83/68 76/84/73 77/85/74 78/86/75
f 11/87/76 79/88/77 80/89/78 81/90/79
f 11/87/76 82/91/80 83/92/81 79/88/77
f 11/87/76 84/93/82 85/94/83 82/91/80
f 12/95/84 86/96/85 87/97/86 88/98/87
f 12/95/84 88/98/87 89/99/88 90/100/89
f 12/95/84 90/100/89 42/34/34 86/96/85
f 13/101/90 91/102/91 92/103/92 93/104/93
f 13/101/90 94/105/94 95/106/95 91/102/91
f 13/107/90 96/108/96 97/109/97 94/110/94
f 13/107/90 93/111/93 98/112/98 99/113/99
f 99/114/99 98/115/98 100/116/100 101/117/101
f 99/114/99 101/117/101 102/118/102 103/119/103
f 99/113/99 103/120/103 96/108/96 13/107/90
f 103/119/103 102/118/102 104/121/104 105/122/105
f 103/119/103 105/122/105 106/123/106 96/124/96
f 106/123/106 105/122/105 107/125/107 108/126/108
f 106/127/106 108/128/108 109/129/109 110/130/110
f 106/127/106 110/130/110 97/109/97 96/108/96
f 110/130/110 109/129/109 111/131/111 112/132/112
f 110/130/110 112/132/112 113/133/113 97/109/97
f 113/133/113 114/134/114 94/110/94 97/109/97
f 113/133/113 112/132/112 115/135/115 116/136/116
f 113/133/113 116/136/116 117/137/117 114/134/114
f 117/138/117 116/139/116 118/140/118 119/141/119
f 117/142/117 119/143/119 120/144/120 121/145/121
f 117/146/117 121/147/121 122/148/122 114/149/114
f 122/148/122 95/106/95 94/105/94 114/149/114
f 122/148/122 121/147/121 123/150/123 124/151/124
f 122/148/122 124/151/124 125/152/125 95/106/95
f 125/152/125 126/153/126 91/102/91 95/106/95
f 125/152/125 124/151/124 127/154/127 128/155/128
f 125/152/125 128/155/128 129/156/129 126/153/126
f 129/156/129 130/157/130 131/158/131 126/153/126
f 129/156/129 128/155/128 132/159/132 133/160/133
f 129/156/129 133/160/133 134/161/134 130/157/130
f 134/161/134 135/162/135 136/163/136 130/157/130
f 134/161/134 133/160/133 137/164/137 138/165/138
f 134/161/134 138/165/138 139/166/139 135/162/135
f 139/166/139 140/167/140 141/168/141 135/162/135
f 139/166/139 138/165/138 142/169/142 143/170/143
f 139/166/139 143/170/143 144/171/144 140/167/140
f 144/171/144 145/172/145 146/173/146 140/167/140
f 144/171/144 143/170/143 147/174/147 148/175/148
f 144/171/144 148/175/148 149/176/149 145/172/145
f 149/176/149 150/177/150 151/178/151 145/172/145
f 149/176/149 148/175/148 152/179/152 51/46/44
f 149/176/149 51/46/44 50/45/43 150/177/150
f 152/179/152 148/175/148 147/174/147 153/180/153
f 152/179/152 153/180/153 154/181/154 155/182/155
f 152/179/152 155/182/155 52/47/45 51/46/44
f 155/183/155 154/184/154 156/185/156 157/186/157
f 155/183/155 157/186/157 53/49/46 52/48/45
f 156/185/156 154/184/154 158/187/158 159/188/159
f 159/188/159 158/187/158 160/189/160 161/190/161
f 161/190/161 160/189/160 162/191/162 163/192/163
f 163/192/163 162/191/162 164/193/164 165/194/165
f 165/194/165 164/193/164 166/195/166 167/196/167
f 167/196/167 166/195/166 168/197/168 169/198/169
f 169/198/169 168/197/168 170/199/170 171/200/171
f 171/200/171 170/199/170 172/201/172 173/202/173
f 173/202/173 172/201/172 174/203/174 175/204/175
f 175/204/175 174/203/174 176/205/176 177/206/177
f 177/206/177 176/205/176 178/207/178 179/208/179
f 179/208/179 178/207/178 180/209/180 181/210/181
f 181/210/181 180/209/180 182/211/182 183/212/183
f 183/213/183 182/214/182 48/41/41 47/40/40
f 182/215/182 180/216/180 184/217/184 185/218/185
f 182/219/182 185/220/185 49/44/42 48/43/41
f 185/218/185 184/217/184 186/221/186 187/222/187
f 185/220/185 187/223/187 188/224/188 49/44/42
f 188/224/188 187/223/187 189/225/189 190/226/190
f 188/224/188 190/226/190 151/178/151 150/177/150
f 188/224/188 150/177/150 50/45/43 49/44/42
f 190/226/190 189/225/189 191/227/191 192/228/192
f 190/226/190 192/228/192 193/229/193 151/178/151
f 193/229/193 192/228/192 194/230/194 195/231/195
f 193/229/193 195/231/195 196/232/196 146/173/146
f 193/229/193 146/173/146 145/172/145 151/178/151
f 196/232/196 195/231/195 197/233/197 198/234/198
f 196/232/196 198/234/198 199/235/199 141/168/141
f 196/232/196 141/168/141 140/167/140 146/173/146
f 199/235/199 198/234/198 200/236/200 201/237/201
f 199/235/199 201/237/201 202/238/202 136/163/136
f 199/235/199 136/163/136 135/162/135 141/168/141
f 202/238/202 201/237/201 203/239/203 204/240/204
f 202/238/202 204/240/204 92/103/92 131/158/131
f 202/238/202 131/158/131 130/157/130 136/163/136
f 204/240/204 203/239/203 205/241/205 206/242/206
f 204/240/204 206/242/206 93/104/93 92/103/92
f 206/243/206 205/244/205 207/245/207 208/246/208
f 206/243/206 208/246/208 98/112/98 93/111/93
f 208/246/208 207/245/207 209/247/209 210/248/210
f 208/246/208 210/248/210 100/249/100 98/112/98
f 210/248/210 209/247/209 72/78/69 10/77/68
f 210/250/210 10/83/68 78/86/75 100/116/100
f 209/247/209 211/251/211 212/252/212 72/78/69
f 209/247/209 207/245/207 213/253/213 211/251/211
f 213/253/213 15/3/3 14/2/2 211/251/211
f 213/253/213 207/245/207 205/244/205 214/254/214
f 213/253/213 214/254/214 215/255/215 15/3/3
f 215/255/215 216/256/216 16/4/4 15/3/3
f 215/257/215 214/258/214 217/259/217 218/260/218
f 215/257/215 218/260/218 219/261/219 216/262/216
f 219/261/219 220/263/220 221/264/221 216/262/216
f 219/261/219 218/260/218 222/265/222 223/266/223
f 219/261/219 223/266/223 224/267/224 220/263/220
f 224/268/224 225/269/225 226/270/226 220/271/220
f 224/267/224 223/266/223 227/272/227 228/273/228
f 224/268/224 228/274/228 229/275/229 225/269/225
f 229/275/229 230/276/230 231/277/231 225/269/225
f 229/275/229 228/274/228 232/278/232 233/279/233
f 229/275/229 233/279/233 234/280/234 230/276/230
f 234/280/234 235/281/235 236/282/236 230/276/230
f 234/280/234 233/279/233 237/283/237 238/284/238
f 234/280/234 238/284/238 239/285/239 235/281/235
f 239/285/239 240/286/240 241/287/241 235/281/235
f 239/285/239 238/284/238 242/288/242 243/289/243
f 239/285/239 243/289/243 244/290/244 240/286/240
f 244/290/244 245/291/245 246/292/246 240/286/240
f 244/290/244 243/289/243 247/293/247 248/294/248
f 244/290/244 248/294/248 249/295/249 245/291/245
f 249/295/249 250/296/250 251/297/251 245/291/245
f 249/295/249 248/294/248 252/298/252 253/299/253
f 249/295/249 253/299/253 254/300/254 250/296/250
f 254/300/254 255/301/255 256/302/256 250/296/250
f 254/300/254 253/299/253 172/303/172 170/304/170
f 254/300/254 170/304/170 168/305/168 255/301/255
f 256/302/256 257/306/257 258/307/258 259/308/259
f 256/302/256 259/308/259 251/297/251 250/296/250
f 256/302/256 255/301/255 260/309/260 257/306/257
f 260/310/260 261/311/261 262/312/262 257/313/257
f 260/309/260 255/301/255 168/305/168 166/314/166
f 260/310/260 166/315/166 164/316/164 261/311/261
f 262/312/262 263/317/263 264/318/264 265/319/265
f 262/312/262 265/319/265 258/320/258 257/313/257
f 262/312/262 261/311/261 266/321/266 263/317/263
f 266/321/266 267/322/267 268/323/268 263/317/263
f 266/321/266 261/311/261 164/316/164 162/324/162
f 266/321/266 162/324/162 160/325/160 267/322/267
f 268/323/268 269/326/269 142/169/142 270/327/270
f 268/323/268 270/327/270 264/318/264 263/317/263
f 268/323/268 267/322/267 271/328/271 269/326/269
f 271/328/271 153/180/153 147/174/147 269/326/269
f 271/328/271 267/322/267 160/325/160 158/329/158
f 271/328/271 158/329/158 154/181/154 153/180/153
f 270/327/270 142/169/142 138/165/138 137/164/137
f 270/327/270 137/164/137 272/330/272 264/318/264
f 272/330/272 137/164/137 133/160/133 132/159/132
f 272/330/272 132/159/132 273/331/273 274/332/274
f 272/330/272 274/332/274 265/319/265 264/318/264
f 274/332/274 273/331/273 275/333/275 276/334/276
f 274/332/274 276/334/276 258/320/258 265/319/265
f 276/335/276 275/336/275 277/337/277 278/338/278
f 276/335/276 278/338/278 259/308/259 258/307/258
f 278/338/278 277/337/277 279/339/279 280/340/280
f 278/338/278 280/340/280 251/297/251 259/308/259
f 280/340/280 279/339/279 281/341/281 246/292/246
f 280/340/280 246/292/246 245/291/245 251/297/251
f 281/341/281 279/339/279 282/342/282 283/343/283
f 281/341/281 283/343/283 284/344/284 241/287/241
f 281/341/281 241/287/241 240/286/240 246/292/246
f 284/344/284 283/343/283 285/345/285 286/346/286
f 284/344/284 286/346/286 287/347/287 236/282/236
f 284/344/284 236/282/236 235/281/235 241/287/241
f 287/347/287 286/346/286 288/348/288 289/349/289
f 287/347/287 289/349/289 290/350/290 231/277/231
f 287/347/287 231/277/231 230/276/230 236/282/236
f 290/350/290 289/349/289 291/351/291 292/352/292
f 290/350/290 292/352/292 293/353/293 226/270/226
f 290/350/290 226/270/226 225/269/225 231/277/231
f 293/354/293 292/355/292 294/356/294 295/357/295
f 293/354/293 295/357/295 17/358/5 221/359/221
f 293/353/293 221/360/221 220/271/220 226/270/226
f 295/357/295 294/356/294 296/361/296 297/362/297
f 295/357/295 297/362/297 18/363/6 17/358/5
f 297/362/297 296/361/296 39/30/30 298/364/298
f 297/362/297 298/364/298 299/365/299 18/363/6
f 299/365/299 298/364/298 300/366/300 301/367/301
f 299/368/299 301/369/301 302/370/302 303/371/303
f 299/368/299 303/371/303 1/1/1 18/6/6
f 303/371/303 302/370/302 304/372/304 305/373/305
f 303/371/303 305/373/305 14/2/2 1/1/1
f 305/373/305 304/372/304 306/374/306 212/252/212
f 305/373/305 212/252/212 211/251/211 14/2/2
f 306/374/306 304/372/304 307/375/307 308/376/308
f 306/374/306 308/376/308 74/80/71 73/79/70
f 306/374/306 73/79/70 72/78/69 212/252/212
f 307/375/307 304/372/304 302/370/302 309/377/309
f 309/377/309 302/370/302 301/369/301 310/378/310
f 310/379/310 301/367/301 300/366/300 311/380/311
f 311/380/311 300/366/300 38/29/29 37/28/28
f 300/366/300 298/364/298 39/30/30 38/29/29
f 296/361/296 312/381/312 35/26/26 39/30/30
f 296/361/296 294/356/294 313/382/313 312/381/312
f 313/382/313 28/18/18 314/383/314 312/381/312
f 313/382/313 294/356/294 292/355/292 291/384/291
f 313/382/313 291/384/291 29/19/19 28/18/18
f 314/383/314 315/385/315 89/99/88 36/27/27
f 314/383/314 36/27/27 35/26/26 312/381/312
f 314/383/314 28/18/18 3/14/14 315/385/315
f 315/385/315 316/386/316 90/100/89 89/99/88
f 315/385/315 3/14/14 31/21/21 316/386/316
f 316/386/316 31/21/21 317/387/317 43/37/37
f 316/386/316 43/37/37 42/34/34 90/100/89
f 317/387/317 31/21/21 30/20/20 318/388/318
f 317/387/317 318/388/318 319/389/319 320/390/320
f 317/387/317 320/390/320 44/35/35 43/37/37
f 320/390/320 319/389/319 321/391/321 322/392/322
f 320/390/320 322/392/322 323/393/323 44/35/35
f 323/393/323 322/392/322 324/394/324 325/395/325
f 323/393/323 325/395/325 326/396/326 327/397/327
f 323/393/323 327/397/327 45/36/36 44/35/35
f 324/394/324 322/392/322 321/391/321 328/398/328
f 328/398/328 321/391/321 329/399/329 330/400/330
f 330/400/330 329/399/329 331/401/331 332/402/332
f 332/403/332 331/404/331 333/405/333 334/406/334
f 334/406/334 333/405/333 335/407/335 336/408/336
f 336/408/336 335/407/335 337/409/337 338/410/338
f 338/410/338 337/409/337 339/411/339 340/412/340
f 340/412/340 339/411/339 341/413/341 342/414/342
f 342/414/342 341/413/341 343/415/343 344/416/344
f 344/416/344 343/415/343 345/417/345 346/418/346
f 346/418/346 345/417/345 347/419/347 348/420/348
f 348/420/348 347/419/347 349/421/349 350/422/350
f 350/422/350 349/421/349 351/423/351 352/424/352
f 352/424/352 351/423/351 353/425/353 354/426/354
f 354/427/354 353/428/353 355/429/355 356/430/356
f 356/430/356 355/429/355 357/431/357 358/432/358
f 358/432/358 357/431/357 359/433/359 360/434/360
f 360/434/360 359/433/359 361/435/361 362/436/362
f 362/436/362 361/435/361 363/437/363 364/438/364
f 363/437/363 361/435/361 79/88/77 83/92/81
f 361/435/361 359/433/359 80/89/78 79/88/77
f 359/433/359 357/431/357 365/439/365 80/89/78
f 365/439/365 366/440/366 81/90/79 80/89/78
f 365/439/365 357/431/357 355/429/355 367/441/367
f 365/439/365 367/441/367 368/442/368 366/440/366
f 368/442/368 369/443/369 58/55/52 366/440/366
f 368/442/368 367/441/367 370/444/370 371/445/371
f 368/442/368 371/445/371 372/446/372 369/443/369
f 372/446/372 373/447/373 374/448/374 369/443/369
f 372/449/372 371/450/371 375/451/375 376/452/376
f 372/449/372 376/452/376 65/70/60 373/453/373
f 376/452/376 375/451/375 377/454/377 378/455/378
f 376/452/376 378/455/378 66/71/63 65/70/60
f 378/456/378 377/457/377 379/458/379 380/459/380
f 378/455/378 380/460/380 381/461/381 66/71/63
f 381/461/381 382/462/382 67/72/61 66/71/63
f 381/463/381 380/459/380 383/464/383 384/465/384
f 381/463/381 384/465/384 385/466/385 382/467/382
f 385/468/385 77/469/74 386/470/386 382/462/382
f 385/466/385 384/465/384 387/471/387 388/472/388
f 385/466/385 388/472/388 78/86/75 77/85/74
f 388/472/388 387/471/387 102/118/102 101/117/101
f 388/472/388 101/117/101 100/116/100 78/86/75
f 387/471/387 384/465/384 383/464/383 389/473/389
f 387/471/387 389/473/389 104/121/104 102/118/102
f 389/473/389 383/464/383 390/474/390 391/475/391
f 389/473/389 391/475/391 392/476/392 104/121/104
f 392/476/392 391/475/391 393/477/393 394/478/394
f 392/476/392 394/478/394 395/479/395 107/125/107
f 392/476/392 107/125/107 105/122/105 104/121/104
f 395/480/395 394/481/394 341/413/341 339/411/339
f 395/480/395 339/411/339 337/409/337 396/482/396
f 395/479/395 396/483/396 108/126/108 107/125/107
f 396/482/396 337/409/337 335/407/335 397/484/397
f 396/482/396 397/484/397 109/129/109 108/128/108
f 397/484/397 335/407/335 333/405/333 398/485/398
f 397/484/397 398/485/398 111/131/111 109/129/109
f 398/485/398 333/405/333 331/404/331 399/486/399
f 398/485/398 399/486/399 400/487/400 111/131/111
f 400/487/400 115/135/115 112/132/112 111/131/111
f 400/488/400 399/489/399 401/490/401 402/491/402
f 400/488/400 402/491/402 403/492/403 115/493/115
f 403/492/403 118/140/118 116/139/116 115/493/115
f 403/492/403 402/491/402 318/388/318 30/20/20
f 403/492/403 30/20/20 27/17/17 118/140/118
f 402/491/402 401/490/401 319/389/319 318/388/318
f 401/490/401 399/489/399 331/401/331 329/399/329
f 401/490/401 329/399/329 321/391/321 319/389/319
f 394/481/394 393/494/393 343/415/343 341/413/341
f 393/477/393 391/475/391 390/474/390 404/495/404
f 393/494/393 404/496/404 345/417/345 343/415/343
f 404/495/404 390/474/390 379/458/379 405/497/405
f 404/496/404 405/498/405 347/419/347 345/417/345
f 405/498/405 379/499/379 377/454/377 406/500/406
f 405/498/405 406/500/406 349/421/349 347/419/347
f 406/500/406 377/454/377 375/451/375 407/501/407
f 406/500/406 407/501/407 351/423/351 349/421/349
f 407/501/407 375/451/375 371/450/371 370/502/370
f 407/501/407 370/502/370 353/425/353 351/423/351
f 390/474/390 383/464/383 380/459/380 379/458/379
f 386/470/386 408/503/408 409/504/409 410/505/410
f 386/470/386 410/505/410 67/72/61 382/462/382
f 386/470/386 77/469/74 76/82/73 408/503/408
f 410/506/410 409/507/409 411/508/411 412/509/412
f 410/506/410 412/509/412 68/68/62 67/67/61
f 412/509/412 411/508/411 413/510/413 414/511/414
f 412/509/412 414/511/414 415/512/415 68/68/62
f 415/512/415 414/511/414 416/513/416 417/514/417
f 415/512/415 417/514/417 418/515/418 419/516/419
f 415/512/415 419/516/419 63/64/58 68/68/62
f 419/516/419 418/515/418 420/517/420 421/518/421
f 419/516/419 421/518/421 64/65/59 63/64/58
f 421/518/421 420/517/420 422/519/422 423/520/423
f 421/518/421 423/520/423 424/521/424 64/65/59
f 424/522/424 423/523/423 425/524/425 426/525/426
f 424/522/424 426/525/426 374/526/374 373/527/373
f 424/521/424 373/528/373 65/66/60 64/65/59
f 426/525/426 425/524/425 427/529/427 62/62/56
f 426/525/426 62/62/56 59/61/53 374/526/374
f 427/529/427 425/524/425 428/530/428 429/531/429
f 427/529/427 429/531/429 430/532/430 431/533/431
f 427/529/427 431/533/431 60/58/54 62/62/56
f 431/533/431 430/532/430 432/534/432 433/535/433
f 431/533/431 433/535/433 61/59/55 60/58/54
f 433/535/433 432/534/432 434/536/434 435/537/435
f 433/535/433 435/537/435 436/538/436 61/59/55
f 436/538/436 435/537/435 437/539/437 438/540/438
f 436/538/436 438/540/438 439/541/439 440/542/440
f 436/538/436 440/542/440 54/60/48 61/59/55
f 440/543/440 439/544/439 441/545/441 442/546/442
f 440/543/440 442/546/442 55/52/49 54/51/48
f 442/546/442 441/545/441 443/547/443 444/548/444
f 442/546/442 444/548/444 445/549/445 55/52/49
f 445/549/445 446/550/446 56/53/50 55/52/49
f 445/549/445 444/548/444 447/551/447 448/552/448
f 445/549/445 448/552/448 449/553/449 446/550/446
f 449/553/449 23/12/12 450/554/450 446/550/446
f 449/553/449 448/552/448 451/555/451 452/556/452
f 449/553/449 452/556/452 19/8/8 23/12/12
f 452/556/452 453/557/453 20/9/9 19/8/8
f 451/555/451 448/552/448 447/551/447 454/558/454
f 454/558/454 447/551/447 455/559/455 456/560/456
f 456/560/456 455/559/455 457/561/457 458/562/458
f 458/562/458 457/561/457 459/563/459 460/564/460
f 460/565/460 459/566/459 461/567/461 462/568/462
f 462/568/462 461/567/461 463/569/463 464/570/464
f 464/570/464 463/569/463 71/76/67 70/75/66
f 463/569/463 461/567/461 465/571/465 466/572/466
f 463/569/463 466/572/466 467/573/467 71/76/67
f 467/573/467 466/572/466 468/574/468 469/575/469
f 467/573/467 469/575/469 470/576/470 75/81/72
f 467/573/467 75/81/72 9/73/64 71/76/67
f 470/576/470 469/575/469 471/577/471 472/578/472
f 470/576/470 472/578/472 409/504/409 408/503/408
f 470/576/470 408/503/408 76/82/73 75/81/72
f 472/579/472 471/580/471 473/581/473 474/582/474
f 472/579/472 474/582/474 411/508/411 409/507/409
f 474/582/474 473/581/473 475/583/475 476/584/476
f 474/582/474 476/584/476 413/510/413 411/508/411
f 476/584/476 475/583/475 477/585/477 478/586/478
f 476/584/476 478/586/478 479/587/479 413/510/413
f 479/587/479 478/586/478 480/588/480 481/589/481
f 479/587/479 481/589/481 482/590/482 416/513/416
f 479/587/479 416/513/416 414/511/414 413/510/413
f 482/590/482 481/589/481 483/591/483 484/592/484
f 482/590/482 484/592/484 485/593/485 486/594/486
f 482/590/482 486/594/486 417/514/417 416/513/416
f 486/594/486 485/593/485 487/595/487 488/596/488
f 486/594/486 488/596/488 418/515/418 417/514/417
f 488/596/488 487/595/487 489/597/489 490/598/490
f 488/596/488 490/598/490 420/517/420 418/515/418
f 490/598/490 489/597/489 491/599/491 492/600/492
f 490/598/490 492/600/492 422/519/422 420/517/420
f 492/601/492 491/602/491 493/603/493 494/604/494
f 492/601/492 494/604/494 428/530/428 422/605/422
f 494/604/494 493/603/493 495/606/495 496/607/496
f 494/604/494 496/607/496 429/531/429 428/530/428
f 496/607/496 495/606/495 497/608/497 498/609/498
f 496/607/496 498/609/498 430/532/430 429/531/429
f 498/609/498 497/608/497 499/610/499 500/611/500
f 498/609/498 500/611/500 432/534/432 430/532/430
f 500/611/500 499/610/499 501/612/501 502/613/502
f 500/611/500 502/613/502 434/536/434 432/534/432
f 502/613/502 501/612/501 503/614/503 504/615/504
f 502/613/502 504/615/504 505/616/505 434/536/434
f 505/616/505 504/615/504 506/617/506 507/618/507
f 505/616/505 507/618/507 508/619/508 437/539/437
f 505/616/505 437/539/437 435/537/435 434/536/434
f 508/619/508 507/618/507 509/620/509 510/621/510
f 508/619/508 510/621/510 511/622/511 512/623/512
f 508/619/508 512/623/512 438/540/438 437/539/437
f 512/623/512 511/622/511 513/624/513 514/625/514
f 512/623/512 514/625/514 439/541/439 438/540/438
f 514/626/514 513/627/513 515/628/515 516/629/516
f 514/626/514 516/629/516 441/545/441 439/544/439
f 516/629/516 515/628/515 517/630/517 518/631/518
f 516/629/516 518/631/518 443/547/443 441/545/441
f 518/631/518 517/630/517 459/563/459 457/561/457
f 518/631/518 457/561/457 455/559/455 443/547/443
f 517/632/517 515/633/515 519/634/519 465/571/465
f 517/632/517 465/571/465 461/567/461 459/566/459
f 519/634/519 515/633/515 513/635/513 520/636/520
f 519/634/519 520/636/520 521/637/521 468/574/468
f 519/634/519 468/574/468 466/572/466 465/571/465
f 521/638/521 520/639/520 522/640/522 523/641/523
f 521/638/521 523/641/523 473/581/473 471/580/471
f 521/637/521 471/577/471 469/575/469 468/574/468
f 523/641/523 522/640/522 524/642/524 525/643/525
f 523/641/523 525/643/525 475/583/475 473/581/473
f 525/643/525 524/642/524 526/644/526 527/645/527
f 525/643/525 527/645/527 477/585/477 475/583/475
f 527/645/527 526/644/526 528/646/528 529/647/529
f 527/645/527 529/647/529 530/648/530 477/585/477
f 530/648/530 529/647/529 531/649/531 532/650/532
f 530/648/530 532/650/532 533/651/533 480/588/480
f 530/648/530 480/588/480 478/586/478 477/585/477
f 533/651/533 532/650/532 534/652/534 535/653/535
f 533/651/533 535/653/535 536/654/536 483/591/483
f 533/651/533 483/591/483 481/589/481 480/588/480
f 536/654/536 535/653/535 537/655/537 538/656/538
f 536/654/536 538/656/538 539/657/539 540/658/540
f 536/654/536 540/658/540 484/592/484 483/591/483
f 540/658/540 539/657/539 541/659/541 542/660/542
f 540/658/540 542/660/542 485/593/485 484/592/484
f 542/660/542 541/659/541 543/661/543 544/662/544
f 542/660/542 544/662/544 487/595/487 485/593/485
f 544/662/544 543/661/543 545/663/545 546/664/546
f 544/662/544 546/664/546 489/597/489 487/595/487
f 546/664/546 545/663/545 547/665/547 548/666/548
f 546/664/546 548/666/548 491/599/491 489/597/489
f 548/667/548 547/668/547 549/669/549 550/670/550
f 548/667/548 550/670/550 493/603/493 491/602/491
f 550/670/550 549/669/549 551/671/551 552/672/552
f 550/670/550 552/672/552 495/606/495 493/603/493
f 552/672/552 551/671/551 553/673/553 554/674/554
f 552/672/552 554/674/554 497/608/497 495/606/495
f 554/674/554 553/673/553 555/675/555 556/676/556
f 554/674/554 556/676/556 499/610/499 497/608/497
f 556/676/556 555/675/555 557/677/557 558/678/558
f 556/676/556 558/678/558 501/612/501 499/610/499
f 558/678/558 557/677/557 559/679/559 560/680/560
f 558/678/558 560/680/560 503/614/503 501/612/501
f 560/680/560 559/679/559 561/681/561 562/682/562
f 560/680/560 562/682/562 563/683/563 503/614/503
f 563/683/563 562/682/562 564/684/564 565/685/565
f 563/683/563 565/685/565 566/686/566 506/617/506
f 563/683/563 506/617/506 504/615/504 503/614/503
f 566/687/566 565/688/565 567/689/567 528/646/528
f 566/687/566 528/646/528 526/644/526 509/690/509
f 566/686/566 509/620/509 507/618/507 506/617/506
f 567/689/567 565/688/565 564/691/564 568/692/568
f 567/689/567 568/692/568 569/693/569 531/649/531
f 567/689/567 531/649/531 529/647/529 528/646/528
f 569/693/569 568/692/568 570/694/570 571/695/571
f 569/693/569 571/695/571 572/696/572 534/652/534
f 569/693/569 534/652/534 532/650/532 531/649/531
f 572/696/572 571/695/571 573/697/573 574/698/574
f 572/696/572 574/698/574 575/699/575 537/655/537
f 572/696/572 537/655/537 535/653/535 534/652/534
f 575/699/575 574/698/574 576/700/576 577/701/577
f 575/699/575 577/701/577 578/702/578 579/703/579
f 575/699/575 579/703/579 538/656/538 537/655/537
f 579/703/579 578/702/578 580/704/580 581/705/581
f 579/703/579 581/705/581 539/657/539 538/656/538
f 581/705/581 580/704/580 582/706/582 583/707/583
f 581/705/581 583/707/583 541/659/541 539/657/539
f 583/707/583 582/706/582 584/708/584 585/709/585
f 583/707/583 585/709/585 543/661/543 541/659/541
f 585/709/585 584/708/584 586/710/586 587/711/587
f 585/709/585 587/711/587 545/663/545 543/661/543
f 587/711/587 586/710/586 588/712/588 589/713/589
f 587/711/587 589/713/589 547/665/547 545/663/545
f 589/714/589 588/715/588 590/716/590 591/717/591
f 589/714/589 591/717/591 549/669/549 547/668/547
f 591/717/591 590/716/590 592/718/592 593/719/593
f 591/717/591 593/719/593 551/671/551 549/669/549
f 593/719/593 592/718/592 594/720/594 595/721/595
f 593/719/593 595/721/595 553/673/553 551/671/551
f 595/721/595 594/720/594 596/722/596 597/723/597
f 595/721/595 597/723/597 555/675/555 553/673/553
f 597/723/597 596/722/596 598/724/598 599/725/599
f 597/723/597 599/725/599 557/677/557 555/675/555
f 599/725/599 598/724/598 600/726/600 601/727/601
f 599/725/599 601/727/601 559/679/559 557/677/557
f 601/727/601 600/726/600 602/728/602 603/729/603
f 601/727/601 603/729/603 561/681/561 559/679/559
f 603/729/603 602/728/602 604/730/604 605/731/605
f 603/729/603 605/731/605 606/732/606 561/681/561
f 606/733/606 605/734/605 607/735/607 570/694/570
f 606/733/606 570/694/570 568/692/568 564/691/564
f 606/732/606 564/684/564 562/682/562 561/681/561
f 607/735/607 605/734/605 604/736/604 608/737/608
f 607/735/607 608/737/608 609/738/609 573/697/573
f 607/735/607 573/697/573 571/695/571 570/694/570
f 609/738/609 608/737/608 610/739/610 611/740/611
f 609/738/609 611/740/611 612/741/612 576/700/576
f 609/738/609 576/700/576 574/698/574 573/697/573
f 612/742/612 611/743/611 613/744/613 614/745/614
f 612/742/612 614/745/614 615/746/615 616/747/616
f 612/741/612 616/748/616 577/701/577 576/700/576
f 616/747/616 615/746/615 617/749/617 618/750/618
f 616/748/616 618/751/618 578/702/578 577/701/577
f 618/750/618 617/749/617 619/752/619 620/753/620
f 618/751/618 620/754/620 580/704/580 578/702/578
f 620/753/620 619/752/619 621/755/621 622/756/622
f 620/754/620 622/757/622 582/706/582 580/704/580
f 622/756/622 621/755/621 623/758/623 624/759/624
f 622/757/622 624/760/624 584/708/584 582/706/582
f 624/759/624 623/758/623 625/761/625 626/762/626
f 624/760/624 626/763/626 586/710/586 584/708/584
f 626/762/626 625/761/625 627/764/627 628/765/628
f 626/763/626 628/766/628 588/712/588 586/710/586
f 628/765/628 627/764/627 629/767/629 630/768/630
f 628/769/628 630/770/630 590/716/590 588/715/588
f 630/768/630 629/767/629 631/771/631 632/772/632
f 630/770/630 632/773/632 592/718/592 590/716/590
f 632/772/632 631/771/631 633/774/633 634/775/634
f 632/773/632 634/776/634 594/720/594 592/718/592
f 634/775/634 633/774/633 635/777/635 636/778/636
f 634/776/634 636/779/636 596/722/596 594/720/594
f 636/778/636 635/777/635 637/780/637 638/781/638
f 636/779/636 638/782/638 598/724/598 596/722/596
f 638/781/638 637/780/637 639/783/639 640/784/640
f 638/782/638 640/785/640 600/726/600 598/724/598
f 640/784/640 639/783/639 641/786/641 642/787/642
f 640/785/640 642/788/642 602/728/602 600/726/600
f 642/787/642 641/786/641 643/789/643 644/790/644
f 642/788/642 644/791/644 604/730/604 602/728/602
f 644/792/644 643/793/643 645/794/645 610/795/610
f 644/796/644 610/739/610 608/737/608 604/736/604
f 645/794/645 613/744/613 611/743/611 610/795/610
f 526/644/526 524/642/524 510/797/510 509/690/509
f 524/642/524 522/640/522 511/798/511 510/797/510
f 522/640/522 520/639/520 513/799/513 511/798/511
f 455/559/455 447/551/447 444/548/444 443/547/443
f 450/554/450 84/93/82 11/87/76 646/800/646
f 450/554/450 646/800/646 56/53/50 446/550/446
f 450/554/450 23/12/12 22/11/11 84/93/82
f 646/800/646 11/87/76 81/90/79 57/54/51
f 646/800/646 57/54/51 7/50/47 56/53/50
f 428/530/428 425/524/425 423/523/423 422/605/422
f 374/448/374 59/56/53 58/55/52 369/443/369
f 370/444/370 367/441/367 355/429/355 353/428/353
f 366/440/366 58/55/52 57/54/51 81/90/79
f 291/351/291 289/349/289 288/348/288 29/801/19
f 288/348/288 647/802/647 25/803/15 29/801/19
f 288/348/288 286/346/286 285/345/285 647/802/647
f 647/802/647 648/804/648 26/805/16 25/803/15
f 647/802/647 285/345/285 649/806/649 648/804/648
f 649/806/649 650/807/650 120/144/120 648/804/648
f 649/806/649 285/345/285 283/343/283 282/342/282
f 649/806/649 282/342/282 651/808/651 650/807/650
f 651/808/651 652/809/652 123/810/123 650/807/650
f 651/808/651 282/342/282 279/339/279 277/337/277
f 651/808/651 277/337/277 275/336/275 652/809/652
f 652/811/652 127/154/127 124/151/124 123/150/123
f 652/811/652 275/333/275 273/331/273 127/154/127
f 650/807/650 123/810/123 121/145/121 120/144/120
f 648/804/648 120/144/120 119/143/119 26/805/16
f 273/331/273 132/159/132 128/155/128 127/154/127
f 269/326/269 147/174/147 143/170/143 142/169/142
f 253/299/253 252/298/252 174/812/174 172/303/172
f 252/298/252 248/294/248 247/293/247 653/813/653
f 252/298/252 653/813/653 176/814/176 174/812/174
f 653/813/653 247/293/247 654/815/654 655/816/655
f 653/813/653 655/816/655 178/817/178 176/814/176
f 655/816/655 654/815/654 186/221/186 184/217/184
f 655/816/655 184/217/184 180/216/180 178/817/178
f 654/815/654 247/293/247 243/289/243 242/288/242
f 654/815/654 242/288/242 656/818/656 186/221/186
f 656/818/656 242/288/242 238/284/238 237/283/237
f 656/818/656 237/283/237 191/819/191 189/820/189
f 656/818/656 189/820/189 187/222/187 186/221/186
f 237/283/237 233/279/233 232/278/232 191/819/191
f 232/821/232 228/273/228 227/272/227 194/230/194
f 232/821/232 194/230/194 192/228/192 191/227/191
f 227/272/227 223/266/223 222/265/222 197/233/197
f 227/272/227 197/233/197 195/231/195 194/230/194
f 222/265/222 218/260/218 217/259/217 200/236/200
f 222/265/222 200/236/200 198/234/198 197/233/197
f 221/822/221 17/5/5 16/4/4 216/256/216
f 217/259/217 214/258/214 205/241/205 203/239/203
f 217/259/217 203/239/203 201/237/201 200/236/200
f 131/158/131 92/103/92 91/102/91 126/153/126
f 119/141/119 118/140/118 27/17/17 26/16/16
f 89/99/88 88/98/87 32/23/23 36/27/27
f 88/98/87 87/97/86 33/24/24 32/23/23
f 87/97/86 86/96/85 657/823/657 658/824/658
f 33/24/24 87/97/86 658/824/658 659/825/659
f 657/823/657 86/96/85 42/34/34 41/33/33
f 85/94/83 84/93/82 22/11/11 24/13/13
f 34/25/25 33/24/24 659/825/659
f 453/557/453 452/556/452 451/555/451 454/558/454
f 675/826/660 674/827/661 665/828/662 661/829/663
f 674/827/661 676/830/664 662/831/665 665/828/662
f 664/832/666 666/833/667 667/834/668 663/835/669
f 666/833/667 668/836/670 669/837/671 667/834/668
f 668/836/670 670/838/672 671/839/673 669/837/671
f 670/838/672 672/840/674 673/841/675 671/839/673
f 672/840/674 674/827/661 675/826/660 673/841/675
f 672/840/674 677/842/676 676/830/664 674/827/661
f 670/838/672 678/843/677 677/842/676 672/840/674
f 668/836/670 679/844/678 678/843/677 670/838/672
f 666/833/667 680/845/679 679/844/678 668/836/670
f 696/846/680 698/847/681 681/848/682 685/849/683
f 697/850/684 696/846/680 685/849/683 682/851/685
f 688/852/686 689/853/687 683/854/688 686/855/689
f 684/856/690 687/857/691 688/852/686 686/855/689
f 701/858/692 690/859/693 688/852/686 687/857/691
f 688/852/686 690/859/693 691/860/694 689/853/687
f 690/859/693 692/861/695 693/862/696 691/860/694
f 692/861/695 694/863/697 695/864/698 693/862/696
f 694/863/697 696/846/680 697/850/684 695/864/698
f 694/863/697 699/865/699 698/847/681 696/846/680
f 692/861/695 700/866/700 699/865/699 694/863/697
f 690/859/693 701/858/692 700/866/700 692/861/695
f 680/845/679 666/833/667 664/832/666 660/867/701
f 21/10/10 20/9/9 702/868/702 703/869/703
f 24/13/13 21/10/10 703/869/703 704/870/704
f 37/28/28 34/25/25 705/871/705 706/872/706
f 41/33/33 40/32/32 707/873/707 708/874/708
f 40/32/32 45/36/36 709/875/709 707/873/707
f 47/40/40 46/39/39 710/876/710 711/877/711
f 46/39/39 53/49/46 712/878/712 710/876/710
f 70/75/66 69/74/65 713/879/713 714/880/714
f 69/74/65 74/80/71 715/881/715 713/879/713
f 83/92/81 82/91/80 716/882/716 717/883/717
f 82/91/80 85/94/83 718/884/718 716/882/716
f 157/186/157 156/185/156 719/885/719 720/886/720
f 53/49/46 157/186/157 720/886/720 712/878/712
f 156/185/156 159/188/159 721/887/721 719/885/719
f 159/188/159 161/190/161 722/888/722 721/887/721
f 161/190/161 163/192/163 723/889/723 722/888/722
f 163/192/163 165/194/165 724/890/724 723/889/723
f 165/194/165 167/196/167 725/891/725 724/890/724
f 167/196/167 169/198/169 726/892/726 725/891/725
f 169/198/169 171/200/171 727/893/727 726/892/726
f 171/200/171 173/202/173 728/894/728 727/893/727
f 173/202/173 175/204/175 729/895/729 728/894/728
f 175/204/175 177/206/177 730/896/730 729/895/729
f 177/206/177 179/208/179 731/897/731 730/896/730
f 179/208/179 181/210/181 732/898/732 731/897/731
f 181/210/181 183/212/183 733/899/733 732/898/732
f 183/213/183 47/40/40 711/877/711 733/900/733
f 308/376/308 307/375/307 734/901/734 735/902/735
f 74/80/71 308/376/308 735/902/735 715/881/715
f 307/375/307 309/377/309 736/903/736 734/901/734
f 309/377/309 310/378/310 737/904/737 736/903/736
f 310/379/310 311/380/311 738/905/738 737/906/737
f 311/380/311 37/28/28 706/872/706 738/905/738
f 325/395/325 324/394/324 739/907/739 740/908/740
f 326/396/326 325/395/325 740/908/740 741/909/741
f 327/397/327 326/396/326 741/909/741 742/910/742
f 45/36/36 327/397/327 742/910/742 709/875/709
f 324/394/324 328/398/328 743/911/743 739/907/739
f 328/398/328 330/400/330 744/912/744 743/911/743
f 330/400/330 332/402/332 745/913/745 744/912/744
f 332/403/332 334/406/334 746/914/746 745/915/745
f 334/406/334 336/408/336 747/916/747 746/914/746
f 336/408/336 338/410/338 748/917/748 747/916/747
f 338/410/338 340/412/340 749/918/749 748/917/748
f 340/412/340 342/414/342 750/919/750 749/918/749
f 342/414/342 344/416/344 751/920/751 750/919/750
f 344/416/344 346/418/346 752/921/752 751/920/751
f 346/418/346 348/420/348 753/922/753 752/921/752
f 348/420/348 350/422/350 754/923/754 753/922/753
f 350/422/350 352/424/352 755/924/755 754/923/754
f 352/424/352 354/426/354 756/925/756 755/924/755
f 354/427/354 356/430/356 757/926/757 756/927/756
f 356/430/356 358/432/358 758/928/758 757/926/757
f 358/432/358 360/434/360 759/929/759 758/928/758
f 360/434/360 362/436/362 760/930/760 759/929/759
f 364/438/364 363/437/363 761/931/761 762/932/762
f 362/436/362 364/438/364 762/932/762 760/930/760
f 363/437/363 83/92/81 717/883/717 761/931/761
f 20/9/9 453/557/453 763/933/763 702/868/702
f 454/558/454 456/560/456 765/934/764 764/935/765
f 456/560/456 458/562/458 766/936/766 765/934/764
f 458/562/458 460/564/460 767/937/767 766/936/766
f 460/565/460 462/568/462 768/938/768 767/939/767
f 462/568/462 464/570/464 769/940/769 768/938/768
f 464/570/464 70/75/66 714/880/714 769/940/769
f 614/745/614 613/744/613 770/941/770 771/942/771
f 615/746/615 614/745/614 771/942/771 772/943/772
f 617/749/617 615/746/615 772/943/772 773/944/773
f 619/752/619 617/749/617 773/944/773 774/945/774
f 621/755/621 619/752/619 774/945/774 775/946/775
f 623/758/623 621/755/621 775/946/775 776/947/776
f 625/761/625 623/758/623 776/947/776 777/948/777
f 627/764/627 625/761/625 777/948/777 778/949/778
f 629/767/629 627/764/627 778/949/778 779/950/779
f 631/771/631 629/767/629 779/950/779 780/951/780
f 633/774/633 631/771/631 780/951/780 781/952/781
f 635/777/635 633/774/633 781/952/781 782/953/782
f 637/780/637 635/777/635 782/953/782 783/954/783
f 639/783/639 637/780/637 783/954/783 784/955/784
f 641/786/641 639/783/639 784/955/784 785/956/785
f 643/789/643 641/786/641 785/956/785 786/957/786
f 645/794/645 643/793/643 786/958/786 787/959/787
f 613/744/613 645/794/645 787/959/787 770/941/770
f 658/824/658 657/823/657 788/960/788 789/961/789
f 659/825/659 658/824/658 789/961/789 790/962/790
f 657/823/657 41/33/33 708/874/708 788/960/788
f 85/94/83 24/13/13 704/870/704 718/884/718
f 34/25/25 659/825/659 790/962/790 705/871/705
f 453/557/453 454/558/454 764/935/765 763/933/763
f 660/867/701 664/832/666 795/963/791 791/964/792
f 661/829/663 665/828/662 796/965/793 792/966/794
f 665/828/662 662/831/665 793/967/795 796/965/793
f 664/832/666 663/835/669 794/968/796 795/963/791
f 663/835/669 667/834/668 797/969/797 794/968/796
f 667/834/668 669/837/671 798/970/798 797/969/797
f 669/837/671 671/839/673 799/971/799 798/970/798
f 671/839/673 673/841/675 800/972/800 799/971/799
f 673/841/675 675/826/660 801/973/801 800/972/800
f 675/826/660 661/829/663 792/966/794 801/973/801
f 662/831/665 676/830/664 802/974/802 793/967/795
f 676/830/664 677/842/676 803/975/803 802/974/802
f 677/842/676 678/843/677 804/976/804 803/975/803
f 678/843/677 679/844/678 805/977/805 804/976/804
f 679/844/678 680/845/679 806/978/806 805/977/805
f 680/845/679 660/867/701 791/964/792 806/978/806
f 685/849/683 681/848/682 807/979/807 811/980/808
f 682/851/685 685/849/683 811/980/808 808/981/809
f 686/855/689 683/854/688 809/982/810 812/983/811
f 684/856/690 686/855/689 812/983/811 810/984/812
f 687/857/691 684/856/690 810/984/812 813/985/813
f 683/854/688 689/853/687 814/986/814 809/982/810
f 689/853/687 691/860/694 815/987/815 814/986/814
f 691/860/694 693/862/696 816/988/816 815/987/815
f 693/862/696 695/864/698 817/989/817 816/988/816
f 695/864/698 697/850/684 818/990/818 817/989/817
f 697/850/684 682/851/685 808/981/809 818/990/818
f 681/848/682 698/847/681 819/991/819 807/979/807
f 698/847/681 699/865/699 820/992/820 819/991/819
f 699/865/699 700/866/700 821/993/821 820/992/820
f 700/866/700 701/858/692 822/994/822 821/993/821
f 701/858/692 687/857/691 813/985/813 822/994/822
